TimeQuest Timing Analyzer report for Microproyecto_VHDL
Sun Sep 13 22:02:01 2026
Quartus II 64-Bit Version 13.1.0 Build 162 10/23/2013 SJ Web Edition


---------------------
; Table of Contents ;
---------------------
  1. Legal Notice
  2. TimeQuest Timing Analyzer Summary
  3. Parallel Compilation
  4. Clocks
  5. Slow 1200mV 85C Model Fmax Summary
  6. Timing Closure Recommendations
  7. Slow 1200mV 85C Model Setup Summary
  8. Slow 1200mV 85C Model Hold Summary
  9. Slow 1200mV 85C Model Recovery Summary
 10. Slow 1200mV 85C Model Removal Summary
 11. Slow 1200mV 85C Model Minimum Pulse Width Summary
 12. Slow 1200mV 85C Model Setup: 'clk'
 13. Slow 1200mV 85C Model Hold: 'clk'
 14. Slow 1200mV 85C Model Minimum Pulse Width: 'clk'
 15. Setup Times
 16. Hold Times
 17. Clock to Output Times
 18. Minimum Clock to Output Times
 19. Slow 1200mV 85C Model Metastability Report
 20. Slow 1200mV 0C Model Fmax Summary
 21. Slow 1200mV 0C Model Setup Summary
 22. Slow 1200mV 0C Model Hold Summary
 23. Slow 1200mV 0C Model Recovery Summary
 24. Slow 1200mV 0C Model Removal Summary
 25. Slow 1200mV 0C Model Minimum Pulse Width Summary
 26. Slow 1200mV 0C Model Setup: 'clk'
 27. Slow 1200mV 0C Model Hold: 'clk'
 28. Slow 1200mV 0C Model Minimum Pulse Width: 'clk'
 29. Setup Times
 30. Hold Times
 31. Clock to Output Times
 32. Minimum Clock to Output Times
 33. Slow 1200mV 0C Model Metastability Report
 34. Fast 1200mV 0C Model Setup Summary
 35. Fast 1200mV 0C Model Hold Summary
 36. Fast 1200mV 0C Model Recovery Summary
 37. Fast 1200mV 0C Model Removal Summary
 38. Fast 1200mV 0C Model Minimum Pulse Width Summary
 39. Fast 1200mV 0C Model Setup: 'clk'
 40. Fast 1200mV 0C Model Hold: 'clk'
 41. Fast 1200mV 0C Model Minimum Pulse Width: 'clk'
 42. Setup Times
 43. Hold Times
 44. Clock to Output Times
 45. Minimum Clock to Output Times
 46. Fast 1200mV 0C Model Metastability Report
 47. Multicorner Timing Analysis Summary
 48. Setup Times
 49. Hold Times
 50. Clock to Output Times
 51. Minimum Clock to Output Times
 52. Board Trace Model Assignments
 53. Input Transition Times
 54. Slow Corner Signal Integrity Metrics
 55. Fast Corner Signal Integrity Metrics
 56. Setup Transfers
 57. Hold Transfers
 58. Report TCCS
 59. Report RSKM
 60. Unconstrained Paths
 61. TimeQuest Timing Analyzer Messages



----------------
; Legal Notice ;
----------------
Copyright (C) 1991-2013 Altera Corporation
Your use of Altera Corporation's design tools, logic functions 
and other software and tools, and its AMPP partner logic 
functions, and any output files from any of the foregoing 
(including device programming or simulation files), and any 
associated documentation or information are expressly subject 
to the terms and conditions of the Altera Program License 
Subscription Agreement, Altera MegaCore Function License 
Agreement, or other applicable license agreement, including, 
without limitation, that your use is for the sole purpose of 
programming logic devices manufactured by Altera and sold by 
Altera or its authorized distributors.  Please refer to the 
applicable agreement for further details.



+-------------------------------------------------------------------------+
; TimeQuest Timing Analyzer Summary                                       ;
+--------------------+----------------------------------------------------+
; Quartus II Version ; Version 13.1.0 Build 162 10/23/2013 SJ Web Edition ;
; Revision Name      ; Microproyecto_VHDL                                 ;
; Device Family      ; Cyclone III                                        ;
; Device Name        ; EP3C16U484C6                                       ;
; Timing Models      ; Final                                              ;
; Delay Model        ; Combined                                           ;
; Rise/Fall Delays   ; Enabled                                            ;
+--------------------+----------------------------------------------------+


+------------------------------------------+
; Parallel Compilation                     ;
+----------------------------+-------------+
; Processors                 ; Number      ;
+----------------------------+-------------+
; Number detected on machine ; 12          ;
; Maximum allowed            ; 6           ;
;                            ;             ;
; Average used               ; 1.00        ;
; Maximum used               ; 6           ;
;                            ;             ;
; Usage by Processor         ; % Time Used ;
;     Processor 1            ; 100.0%      ;
;     Processors 2-6         ; < 0.1%      ;
;     Processors 7-12        ;   0.0%      ;
+----------------------------+-------------+


+---------------------------------------------------------------------------------------------------------------------------------------------------------------------------------+
; Clocks                                                                                                                                                                          ;
+------------+------+--------+------------+-------+-------+------------+-----------+-------------+-------+--------+-----------+------------+----------+--------+--------+---------+
; Clock Name ; Type ; Period ; Frequency  ; Rise  ; Fall  ; Duty Cycle ; Divide by ; Multiply by ; Phase ; Offset ; Edge List ; Edge Shift ; Inverted ; Master ; Source ; Targets ;
+------------+------+--------+------------+-------+-------+------------+-----------+-------------+-------+--------+-----------+------------+----------+--------+--------+---------+
; clk        ; Base ; 1.000  ; 1000.0 MHz ; 0.000 ; 0.500 ;            ;           ;             ;       ;        ;           ;            ;          ;        ;        ; { clk } ;
+------------+------+--------+------------+-------+-------+------------+-----------+-------------+-------+--------+-----------+------------+----------+--------+--------+---------+


+-----------------------------------------------------------------------------------------------------------+
; Slow 1200mV 85C Model Fmax Summary                                                                        ;
+------------+-----------------+------------+---------------------------------------------------------------+
; Fmax       ; Restricted Fmax ; Clock Name ; Note                                                          ;
+------------+-----------------+------------+---------------------------------------------------------------+
; 416.49 MHz ; 250.0 MHz       ; clk        ; limit due to minimum period restriction (max I/O toggle rate) ;
+------------+-----------------+------------+---------------------------------------------------------------+
This panel reports FMAX for every clock in the design, regardless of the user-specified clock periods.  FMAX is only computed for paths where the source and destination registers or ports are driven by the same clock.  Paths of different clocks, including generated clocks, are ignored.  For paths between a clock and its inversion, FMAX is computed as if the rising and falling edges are scaled along with FMAX, such that the duty cycle (in terms of a percentage) is maintained. Altera recommends that you always use clock constraints and other slack reports for sign-off analysis.


----------------------------------
; Timing Closure Recommendations ;
----------------------------------
HTML report is unavailable in plain text report export.


+-------------------------------------+
; Slow 1200mV 85C Model Setup Summary ;
+-------+--------+--------------------+
; Clock ; Slack  ; End Point TNS      ;
+-------+--------+--------------------+
; clk   ; -1.401 ; -10.899            ;
+-------+--------+--------------------+


+------------------------------------+
; Slow 1200mV 85C Model Hold Summary ;
+-------+-------+--------------------+
; Clock ; Slack ; End Point TNS      ;
+-------+-------+--------------------+
; clk   ; 0.358 ; 0.000              ;
+-------+-------+--------------------+


------------------------------------------
; Slow 1200mV 85C Model Recovery Summary ;
------------------------------------------
No paths to report.


-----------------------------------------
; Slow 1200mV 85C Model Removal Summary ;
-----------------------------------------
No paths to report.


+---------------------------------------------------+
; Slow 1200mV 85C Model Minimum Pulse Width Summary ;
+-------+--------+----------------------------------+
; Clock ; Slack  ; End Point TNS                    ;
+-------+--------+----------------------------------+
; clk   ; -3.000 ; -16.000                          ;
+-------+--------+----------------------------------+


+------------------------------------------------------------------------------------------------------------------------------------------------------------------+
; Slow 1200mV 85C Model Setup: 'clk'                                                                                                                               ;
+--------+-----------------------------------------+-----------------------------------------+--------------+-------------+--------------+------------+------------+
; Slack  ; From Node                               ; To Node                                 ; Launch Clock ; Latch Clock ; Relationship ; Clock Skew ; Data Delay ;
+--------+-----------------------------------------+-----------------------------------------+--------------+-------------+--------------+------------+------------+
; -1.401 ; contador_10:contador_unidades|cuenta[1] ; contador_10:contador_minutos|cuenta[3]  ; clk          ; clk         ; 1.000        ; -0.061     ; 2.335      ;
; -1.401 ; contador_10:contador_unidades|cuenta[1] ; contador_10:contador_minutos|cuenta[1]  ; clk          ; clk         ; 1.000        ; -0.061     ; 2.335      ;
; -1.401 ; contador_10:contador_unidades|cuenta[1] ; contador_10:contador_minutos|cuenta[0]  ; clk          ; clk         ; 1.000        ; -0.061     ; 2.335      ;
; -1.389 ; contador_10:contador_unidades|cuenta[2] ; contador_10:contador_minutos|cuenta[3]  ; clk          ; clk         ; 1.000        ; -0.061     ; 2.323      ;
; -1.389 ; contador_10:contador_unidades|cuenta[2] ; contador_10:contador_minutos|cuenta[1]  ; clk          ; clk         ; 1.000        ; -0.061     ; 2.323      ;
; -1.389 ; contador_10:contador_unidades|cuenta[2] ; contador_10:contador_minutos|cuenta[0]  ; clk          ; clk         ; 1.000        ; -0.061     ; 2.323      ;
; -1.321 ; contador_6:contador_decenas|cuenta[3]   ; contador_10:contador_minutos|cuenta[3]  ; clk          ; clk         ; 1.000        ; -0.061     ; 2.255      ;
; -1.321 ; contador_6:contador_decenas|cuenta[3]   ; contador_10:contador_minutos|cuenta[1]  ; clk          ; clk         ; 1.000        ; -0.061     ; 2.255      ;
; -1.321 ; contador_6:contador_decenas|cuenta[3]   ; contador_10:contador_minutos|cuenta[0]  ; clk          ; clk         ; 1.000        ; -0.061     ; 2.255      ;
; -1.319 ; contador_6:contador_decenas|cuenta[1]   ; contador_10:contador_minutos|cuenta[3]  ; clk          ; clk         ; 1.000        ; -0.061     ; 2.253      ;
; -1.319 ; contador_6:contador_decenas|cuenta[1]   ; contador_10:contador_minutos|cuenta[1]  ; clk          ; clk         ; 1.000        ; -0.061     ; 2.253      ;
; -1.319 ; contador_6:contador_decenas|cuenta[1]   ; contador_10:contador_minutos|cuenta[0]  ; clk          ; clk         ; 1.000        ; -0.061     ; 2.253      ;
; -1.282 ; contador_10:contador_unidades|cuenta[3] ; contador_10:contador_minutos|cuenta[3]  ; clk          ; clk         ; 1.000        ; -0.061     ; 2.216      ;
; -1.282 ; contador_10:contador_unidades|cuenta[3] ; contador_10:contador_minutos|cuenta[1]  ; clk          ; clk         ; 1.000        ; -0.061     ; 2.216      ;
; -1.282 ; contador_10:contador_unidades|cuenta[3] ; contador_10:contador_minutos|cuenta[0]  ; clk          ; clk         ; 1.000        ; -0.061     ; 2.216      ;
; -1.249 ; contador_6:contador_decenas|cuenta[2]   ; contador_10:contador_minutos|cuenta[3]  ; clk          ; clk         ; 1.000        ; -0.061     ; 2.183      ;
; -1.249 ; contador_6:contador_decenas|cuenta[2]   ; contador_10:contador_minutos|cuenta[1]  ; clk          ; clk         ; 1.000        ; -0.061     ; 2.183      ;
; -1.249 ; contador_6:contador_decenas|cuenta[2]   ; contador_10:contador_minutos|cuenta[0]  ; clk          ; clk         ; 1.000        ; -0.061     ; 2.183      ;
; -1.207 ; contador_10:contador_unidades|cuenta[1] ; contador_6:contador_decenas|cuenta[1]   ; clk          ; clk         ; 1.000        ; -0.062     ; 2.140      ;
; -1.207 ; contador_10:contador_unidades|cuenta[1] ; contador_6:contador_decenas|cuenta[2]   ; clk          ; clk         ; 1.000        ; -0.062     ; 2.140      ;
; -1.207 ; contador_10:contador_unidades|cuenta[1] ; contador_6:contador_decenas|cuenta[0]   ; clk          ; clk         ; 1.000        ; -0.062     ; 2.140      ;
; -1.195 ; contador_10:contador_unidades|cuenta[2] ; contador_6:contador_decenas|cuenta[1]   ; clk          ; clk         ; 1.000        ; -0.062     ; 2.128      ;
; -1.195 ; contador_10:contador_unidades|cuenta[2] ; contador_6:contador_decenas|cuenta[2]   ; clk          ; clk         ; 1.000        ; -0.062     ; 2.128      ;
; -1.195 ; contador_10:contador_unidades|cuenta[2] ; contador_6:contador_decenas|cuenta[0]   ; clk          ; clk         ; 1.000        ; -0.062     ; 2.128      ;
; -1.143 ; contador_10:contador_unidades|cuenta[0] ; contador_10:contador_minutos|cuenta[3]  ; clk          ; clk         ; 1.000        ; -0.061     ; 2.077      ;
; -1.143 ; contador_10:contador_unidades|cuenta[0] ; contador_10:contador_minutos|cuenta[1]  ; clk          ; clk         ; 1.000        ; -0.061     ; 2.077      ;
; -1.143 ; contador_10:contador_unidades|cuenta[0] ; contador_10:contador_minutos|cuenta[0]  ; clk          ; clk         ; 1.000        ; -0.061     ; 2.077      ;
; -1.105 ; contador_10:contador_unidades|cuenta[3] ; contador_6:contador_decenas|cuenta[1]   ; clk          ; clk         ; 1.000        ; -0.062     ; 2.038      ;
; -1.105 ; contador_10:contador_unidades|cuenta[3] ; contador_6:contador_decenas|cuenta[2]   ; clk          ; clk         ; 1.000        ; -0.062     ; 2.038      ;
; -1.105 ; contador_10:contador_unidades|cuenta[3] ; contador_6:contador_decenas|cuenta[0]   ; clk          ; clk         ; 1.000        ; -0.062     ; 2.038      ;
; -1.103 ; contador_6:contador_decenas|cuenta[0]   ; contador_10:contador_minutos|cuenta[3]  ; clk          ; clk         ; 1.000        ; -0.061     ; 2.037      ;
; -1.103 ; contador_6:contador_decenas|cuenta[0]   ; contador_10:contador_minutos|cuenta[1]  ; clk          ; clk         ; 1.000        ; -0.061     ; 2.037      ;
; -1.103 ; contador_6:contador_decenas|cuenta[0]   ; contador_10:contador_minutos|cuenta[0]  ; clk          ; clk         ; 1.000        ; -0.061     ; 2.037      ;
; -0.997 ; contador_10:contador_unidades|cuenta[1] ; contador_10:contador_minutos|cuenta[2]  ; clk          ; clk         ; 1.000        ; -0.061     ; 1.931      ;
; -0.985 ; contador_10:contador_unidades|cuenta[2] ; contador_10:contador_minutos|cuenta[2]  ; clk          ; clk         ; 1.000        ; -0.061     ; 1.919      ;
; -0.966 ; contador_10:contador_unidades|cuenta[0] ; contador_6:contador_decenas|cuenta[1]   ; clk          ; clk         ; 1.000        ; -0.062     ; 1.899      ;
; -0.966 ; contador_10:contador_unidades|cuenta[0] ; contador_6:contador_decenas|cuenta[2]   ; clk          ; clk         ; 1.000        ; -0.062     ; 1.899      ;
; -0.966 ; contador_10:contador_unidades|cuenta[0] ; contador_6:contador_decenas|cuenta[0]   ; clk          ; clk         ; 1.000        ; -0.062     ; 1.899      ;
; -0.936 ; running                                 ; contador_6:contador_decenas|cuenta[1]   ; clk          ; clk         ; 1.000        ; -0.062     ; 1.869      ;
; -0.936 ; running                                 ; contador_6:contador_decenas|cuenta[2]   ; clk          ; clk         ; 1.000        ; -0.062     ; 1.869      ;
; -0.936 ; running                                 ; contador_6:contador_decenas|cuenta[0]   ; clk          ; clk         ; 1.000        ; -0.062     ; 1.869      ;
; -0.917 ; contador_6:contador_decenas|cuenta[3]   ; contador_10:contador_minutos|cuenta[2]  ; clk          ; clk         ; 1.000        ; -0.061     ; 1.851      ;
; -0.915 ; contador_6:contador_decenas|cuenta[1]   ; contador_10:contador_minutos|cuenta[2]  ; clk          ; clk         ; 1.000        ; -0.061     ; 1.849      ;
; -0.902 ; contador_10:contador_unidades|cuenta[3] ; contador_10:contador_minutos|cuenta[2]  ; clk          ; clk         ; 1.000        ; -0.061     ; 1.836      ;
; -0.873 ; running                                 ; contador_10:contador_minutos|cuenta[3]  ; clk          ; clk         ; 1.000        ; -0.061     ; 1.807      ;
; -0.873 ; running                                 ; contador_10:contador_minutos|cuenta[1]  ; clk          ; clk         ; 1.000        ; -0.061     ; 1.807      ;
; -0.873 ; running                                 ; contador_10:contador_minutos|cuenta[0]  ; clk          ; clk         ; 1.000        ; -0.061     ; 1.807      ;
; -0.869 ; contador_6:contador_decenas|cuenta[2]   ; contador_10:contador_minutos|cuenta[2]  ; clk          ; clk         ; 1.000        ; -0.061     ; 1.803      ;
; -0.763 ; contador_10:contador_unidades|cuenta[0] ; contador_10:contador_minutos|cuenta[2]  ; clk          ; clk         ; 1.000        ; -0.061     ; 1.697      ;
; -0.723 ; contador_6:contador_decenas|cuenta[0]   ; contador_10:contador_minutos|cuenta[2]  ; clk          ; clk         ; 1.000        ; -0.061     ; 1.657      ;
; -0.613 ; contador_6:contador_decenas|cuenta[2]   ; contador_6:contador_decenas|cuenta[3]   ; clk          ; clk         ; 1.000        ; -0.062     ; 1.546      ;
; -0.586 ; contador_6:contador_decenas|cuenta[1]   ; contador_6:contador_decenas|cuenta[3]   ; clk          ; clk         ; 1.000        ; -0.062     ; 1.519      ;
; -0.501 ; contador_6:contador_decenas|cuenta[1]   ; contador_6:contador_decenas|cuenta[2]   ; clk          ; clk         ; 1.000        ; -0.062     ; 1.434      ;
; -0.496 ; contador_10:contador_unidades|cuenta[1] ; contador_6:contador_decenas|cuenta[3]   ; clk          ; clk         ; 1.000        ; -0.062     ; 1.429      ;
; -0.493 ; running                                 ; contador_10:contador_minutos|cuenta[2]  ; clk          ; clk         ; 1.000        ; -0.061     ; 1.427      ;
; -0.484 ; contador_10:contador_unidades|cuenta[2] ; contador_6:contador_decenas|cuenta[3]   ; clk          ; clk         ; 1.000        ; -0.062     ; 1.417      ;
; -0.454 ; contador_10:contador_unidades|cuenta[1] ; contador_10:contador_unidades|cuenta[3] ; clk          ; clk         ; 1.000        ; -0.062     ; 1.387      ;
; -0.454 ; contador_10:contador_unidades|cuenta[3] ; contador_10:contador_unidades|cuenta[1] ; clk          ; clk         ; 1.000        ; -0.062     ; 1.387      ;
; -0.430 ; contador_6:contador_decenas|cuenta[2]   ; contador_6:contador_decenas|cuenta[1]   ; clk          ; clk         ; 1.000        ; -0.062     ; 1.363      ;
; -0.406 ; contador_10:contador_unidades|cuenta[3] ; contador_6:contador_decenas|cuenta[3]   ; clk          ; clk         ; 1.000        ; -0.062     ; 1.339      ;
; -0.352 ; running                                 ; contador_10:contador_unidades|cuenta[3] ; clk          ; clk         ; 1.000        ; -0.062     ; 1.285      ;
; -0.352 ; running                                 ; contador_10:contador_unidades|cuenta[1] ; clk          ; clk         ; 1.000        ; -0.062     ; 1.285      ;
; -0.352 ; running                                 ; contador_10:contador_unidades|cuenta[0] ; clk          ; clk         ; 1.000        ; -0.062     ; 1.285      ;
; -0.342 ; contador_6:contador_decenas|cuenta[0]   ; contador_6:contador_decenas|cuenta[3]   ; clk          ; clk         ; 1.000        ; -0.062     ; 1.275      ;
; -0.290 ; contador_10:contador_unidades|cuenta[0] ; contador_10:contador_unidades|cuenta[1] ; clk          ; clk         ; 1.000        ; -0.062     ; 1.223      ;
; -0.267 ; contador_10:contador_unidades|cuenta[0] ; contador_6:contador_decenas|cuenta[3]   ; clk          ; clk         ; 1.000        ; -0.062     ; 1.200      ;
; -0.257 ; contador_10:contador_unidades|cuenta[0] ; contador_10:contador_unidades|cuenta[3] ; clk          ; clk         ; 1.000        ; -0.062     ; 1.190      ;
; -0.205 ; running                                 ; contador_10:contador_unidades|cuenta[2] ; clk          ; clk         ; 1.000        ; -0.062     ; 1.138      ;
; -0.178 ; contador_6:contador_decenas|cuenta[0]   ; contador_6:contador_decenas|cuenta[2]   ; clk          ; clk         ; 1.000        ; -0.062     ; 1.111      ;
; -0.178 ; contador_6:contador_decenas|cuenta[0]   ; contador_6:contador_decenas|cuenta[1]   ; clk          ; clk         ; 1.000        ; -0.062     ; 1.111      ;
; -0.168 ; contador_10:contador_unidades|cuenta[1] ; contador_10:contador_unidades|cuenta[2] ; clk          ; clk         ; 1.000        ; -0.062     ; 1.101      ;
; -0.162 ; running                                 ; contador_6:contador_decenas|cuenta[3]   ; clk          ; clk         ; 1.000        ; -0.062     ; 1.095      ;
; -0.133 ; contador_10:contador_minutos|cuenta[1]  ; contador_10:contador_minutos|cuenta[3]  ; clk          ; clk         ; 1.000        ; -0.061     ; 1.067      ;
; -0.124 ; contador_10:contador_minutos|cuenta[0]  ; contador_10:contador_minutos|cuenta[1]  ; clk          ; clk         ; 1.000        ; -0.061     ; 1.058      ;
; -0.117 ; contador_10:contador_minutos|cuenta[3]  ; contador_10:contador_minutos|cuenta[1]  ; clk          ; clk         ; 1.000        ; -0.061     ; 1.051      ;
; -0.107 ; contador_10:contador_unidades|cuenta[0] ; contador_10:contador_unidades|cuenta[2] ; clk          ; clk         ; 1.000        ; -0.062     ; 1.040      ;
; -0.104 ; contador_10:contador_minutos|cuenta[0]  ; contador_10:contador_minutos|cuenta[2]  ; clk          ; clk         ; 1.000        ; -0.061     ; 1.038      ;
; -0.103 ; contador_10:contador_minutos|cuenta[0]  ; contador_10:contador_minutos|cuenta[3]  ; clk          ; clk         ; 1.000        ; -0.061     ; 1.037      ;
; -0.096 ; contador_10:contador_minutos|cuenta[1]  ; contador_10:contador_minutos|cuenta[2]  ; clk          ; clk         ; 1.000        ; -0.061     ; 1.030      ;
; -0.038 ; contador_6:contador_decenas|cuenta[3]   ; contador_6:contador_decenas|cuenta[1]   ; clk          ; clk         ; 1.000        ; -0.062     ; 0.971      ;
; -0.007 ; contador_6:contador_decenas|cuenta[3]   ; contador_6:contador_decenas|cuenta[2]   ; clk          ; clk         ; 1.000        ; -0.062     ; 0.940      ;
; 0.008  ; contador_10:contador_unidades|cuenta[2] ; contador_10:contador_unidades|cuenta[1] ; clk          ; clk         ; 1.000        ; -0.062     ; 0.925      ;
; 0.012  ; contador_10:contador_unidades|cuenta[2] ; contador_10:contador_unidades|cuenta[3] ; clk          ; clk         ; 1.000        ; -0.062     ; 0.921      ;
; 0.167  ; contador_10:contador_minutos|cuenta[2]  ; contador_10:contador_minutos|cuenta[3]  ; clk          ; clk         ; 1.000        ; -0.061     ; 0.767      ;
; 0.172  ; contador_10:contador_minutos|cuenta[2]  ; contador_10:contador_minutos|cuenta[1]  ; clk          ; clk         ; 1.000        ; -0.061     ; 0.762      ;
; 0.274  ; contador_6:contador_decenas|cuenta[0]   ; contador_6:contador_decenas|cuenta[0]   ; clk          ; clk         ; 1.000        ; -0.062     ; 0.659      ;
; 0.274  ; contador_10:contador_unidades|cuenta[0] ; contador_10:contador_unidades|cuenta[0] ; clk          ; clk         ; 1.000        ; -0.062     ; 0.659      ;
; 0.274  ; contador_6:contador_decenas|cuenta[3]   ; contador_6:contador_decenas|cuenta[3]   ; clk          ; clk         ; 1.000        ; -0.062     ; 0.659      ;
; 0.274  ; contador_6:contador_decenas|cuenta[2]   ; contador_6:contador_decenas|cuenta[2]   ; clk          ; clk         ; 1.000        ; -0.062     ; 0.659      ;
; 0.274  ; contador_10:contador_unidades|cuenta[3] ; contador_10:contador_unidades|cuenta[3] ; clk          ; clk         ; 1.000        ; -0.062     ; 0.659      ;
; 0.274  ; contador_10:contador_unidades|cuenta[1] ; contador_10:contador_unidades|cuenta[1] ; clk          ; clk         ; 1.000        ; -0.062     ; 0.659      ;
; 0.274  ; contador_6:contador_decenas|cuenta[1]   ; contador_6:contador_decenas|cuenta[1]   ; clk          ; clk         ; 1.000        ; -0.062     ; 0.659      ;
; 0.274  ; contador_10:contador_unidades|cuenta[2] ; contador_10:contador_unidades|cuenta[2] ; clk          ; clk         ; 1.000        ; -0.062     ; 0.659      ;
; 0.275  ; contador_10:contador_minutos|cuenta[0]  ; contador_10:contador_minutos|cuenta[0]  ; clk          ; clk         ; 1.000        ; -0.061     ; 0.659      ;
; 0.275  ; contador_10:contador_minutos|cuenta[2]  ; contador_10:contador_minutos|cuenta[2]  ; clk          ; clk         ; 1.000        ; -0.061     ; 0.659      ;
; 0.275  ; contador_10:contador_minutos|cuenta[3]  ; contador_10:contador_minutos|cuenta[3]  ; clk          ; clk         ; 1.000        ; -0.061     ; 0.659      ;
; 0.275  ; contador_10:contador_minutos|cuenta[1]  ; contador_10:contador_minutos|cuenta[1]  ; clk          ; clk         ; 1.000        ; -0.061     ; 0.659      ;
; 0.296  ; running                                 ; running                                 ; clk          ; clk         ; 1.000        ; -0.062     ; 0.637      ;
+--------+-----------------------------------------+-----------------------------------------+--------------+-------------+--------------+------------+------------+


+-----------------------------------------------------------------------------------------------------------------------------------------------------------------+
; Slow 1200mV 85C Model Hold: 'clk'                                                                                                                               ;
+-------+-----------------------------------------+-----------------------------------------+--------------+-------------+--------------+------------+------------+
; Slack ; From Node                               ; To Node                                 ; Launch Clock ; Latch Clock ; Relationship ; Clock Skew ; Data Delay ;
+-------+-----------------------------------------+-----------------------------------------+--------------+-------------+--------------+------------+------------+
; 0.358 ; contador_6:contador_decenas|cuenta[1]   ; contador_6:contador_decenas|cuenta[1]   ; clk          ; clk         ; 0.000        ; 0.062      ; 0.577      ;
; 0.358 ; contador_6:contador_decenas|cuenta[3]   ; contador_6:contador_decenas|cuenta[3]   ; clk          ; clk         ; 0.000        ; 0.062      ; 0.577      ;
; 0.358 ; contador_6:contador_decenas|cuenta[2]   ; contador_6:contador_decenas|cuenta[2]   ; clk          ; clk         ; 0.000        ; 0.062      ; 0.577      ;
; 0.358 ; contador_10:contador_unidades|cuenta[3] ; contador_10:contador_unidades|cuenta[3] ; clk          ; clk         ; 0.000        ; 0.062      ; 0.577      ;
; 0.358 ; contador_10:contador_unidades|cuenta[1] ; contador_10:contador_unidades|cuenta[1] ; clk          ; clk         ; 0.000        ; 0.062      ; 0.577      ;
; 0.358 ; contador_10:contador_unidades|cuenta[2] ; contador_10:contador_unidades|cuenta[2] ; clk          ; clk         ; 0.000        ; 0.062      ; 0.577      ;
; 0.358 ; running                                 ; running                                 ; clk          ; clk         ; 0.000        ; 0.062      ; 0.577      ;
; 0.359 ; contador_10:contador_minutos|cuenta[3]  ; contador_10:contador_minutos|cuenta[3]  ; clk          ; clk         ; 0.000        ; 0.061      ; 0.577      ;
; 0.359 ; contador_10:contador_minutos|cuenta[1]  ; contador_10:contador_minutos|cuenta[1]  ; clk          ; clk         ; 0.000        ; 0.061      ; 0.577      ;
; 0.359 ; contador_10:contador_minutos|cuenta[2]  ; contador_10:contador_minutos|cuenta[2]  ; clk          ; clk         ; 0.000        ; 0.061      ; 0.577      ;
; 0.361 ; contador_6:contador_decenas|cuenta[0]   ; contador_6:contador_decenas|cuenta[0]   ; clk          ; clk         ; 0.000        ; 0.062      ; 0.580      ;
; 0.361 ; contador_10:contador_unidades|cuenta[0] ; contador_10:contador_unidades|cuenta[0] ; clk          ; clk         ; 0.000        ; 0.062      ; 0.580      ;
; 0.362 ; contador_10:contador_minutos|cuenta[0]  ; contador_10:contador_minutos|cuenta[0]  ; clk          ; clk         ; 0.000        ; 0.061      ; 0.580      ;
; 0.427 ; contador_10:contador_minutos|cuenta[2]  ; contador_10:contador_minutos|cuenta[3]  ; clk          ; clk         ; 0.000        ; 0.061      ; 0.645      ;
; 0.430 ; contador_10:contador_minutos|cuenta[2]  ; contador_10:contador_minutos|cuenta[1]  ; clk          ; clk         ; 0.000        ; 0.061      ; 0.648      ;
; 0.589 ; contador_6:contador_decenas|cuenta[3]   ; contador_6:contador_decenas|cuenta[1]   ; clk          ; clk         ; 0.000        ; 0.062      ; 0.808      ;
; 0.590 ; contador_10:contador_unidades|cuenta[2] ; contador_10:contador_unidades|cuenta[3] ; clk          ; clk         ; 0.000        ; 0.062      ; 0.809      ;
; 0.598 ; contador_10:contador_unidades|cuenta[2] ; contador_10:contador_unidades|cuenta[1] ; clk          ; clk         ; 0.000        ; 0.062      ; 0.817      ;
; 0.602 ; contador_6:contador_decenas|cuenta[3]   ; contador_6:contador_decenas|cuenta[2]   ; clk          ; clk         ; 0.000        ; 0.062      ; 0.821      ;
; 0.613 ; contador_10:contador_minutos|cuenta[1]  ; contador_10:contador_minutos|cuenta[3]  ; clk          ; clk         ; 0.000        ; 0.061      ; 0.831      ;
; 0.616 ; contador_10:contador_minutos|cuenta[1]  ; contador_10:contador_minutos|cuenta[2]  ; clk          ; clk         ; 0.000        ; 0.061      ; 0.834      ;
; 0.620 ; contador_10:contador_minutos|cuenta[0]  ; contador_10:contador_minutos|cuenta[1]  ; clk          ; clk         ; 0.000        ; 0.061      ; 0.838      ;
; 0.626 ; contador_10:contador_minutos|cuenta[0]  ; contador_10:contador_minutos|cuenta[3]  ; clk          ; clk         ; 0.000        ; 0.061      ; 0.844      ;
; 0.629 ; contador_10:contador_minutos|cuenta[0]  ; contador_10:contador_minutos|cuenta[2]  ; clk          ; clk         ; 0.000        ; 0.061      ; 0.847      ;
; 0.694 ; contador_10:contador_minutos|cuenta[3]  ; contador_10:contador_minutos|cuenta[1]  ; clk          ; clk         ; 0.000        ; 0.061      ; 0.912      ;
; 0.718 ; running                                 ; contador_6:contador_decenas|cuenta[3]   ; clk          ; clk         ; 0.000        ; 0.062      ; 0.937      ;
; 0.721 ; contador_10:contador_unidades|cuenta[1] ; contador_10:contador_unidades|cuenta[2] ; clk          ; clk         ; 0.000        ; 0.062      ; 0.940      ;
; 0.721 ; contador_10:contador_unidades|cuenta[0] ; contador_10:contador_unidades|cuenta[2] ; clk          ; clk         ; 0.000        ; 0.062      ; 0.940      ;
; 0.771 ; running                                 ; contador_10:contador_unidades|cuenta[2] ; clk          ; clk         ; 0.000        ; 0.062      ; 0.990      ;
; 0.776 ; contador_6:contador_decenas|cuenta[0]   ; contador_6:contador_decenas|cuenta[1]   ; clk          ; clk         ; 0.000        ; 0.062      ; 0.995      ;
; 0.781 ; contador_6:contador_decenas|cuenta[0]   ; contador_6:contador_decenas|cuenta[2]   ; clk          ; clk         ; 0.000        ; 0.062      ; 1.000      ;
; 0.788 ; contador_10:contador_unidades|cuenta[0] ; contador_10:contador_unidades|cuenta[3] ; clk          ; clk         ; 0.000        ; 0.062      ; 1.007      ;
; 0.793 ; contador_10:contador_unidades|cuenta[0] ; contador_10:contador_unidades|cuenta[1] ; clk          ; clk         ; 0.000        ; 0.062      ; 1.012      ;
; 0.862 ; contador_10:contador_unidades|cuenta[0] ; contador_6:contador_decenas|cuenta[3]   ; clk          ; clk         ; 0.000        ; 0.062      ; 1.081      ;
; 0.872 ; contador_6:contador_decenas|cuenta[0]   ; contador_6:contador_decenas|cuenta[3]   ; clk          ; clk         ; 0.000        ; 0.062      ; 1.091      ;
; 0.958 ; contador_10:contador_unidades|cuenta[1] ; contador_10:contador_unidades|cuenta[3] ; clk          ; clk         ; 0.000        ; 0.062      ; 1.177      ;
; 0.967 ; contador_10:contador_unidades|cuenta[3] ; contador_6:contador_decenas|cuenta[3]   ; clk          ; clk         ; 0.000        ; 0.062      ; 1.186      ;
; 1.029 ; contador_6:contador_decenas|cuenta[2]   ; contador_6:contador_decenas|cuenta[1]   ; clk          ; clk         ; 0.000        ; 0.062      ; 1.248      ;
; 1.038 ; contador_10:contador_unidades|cuenta[3] ; contador_10:contador_unidades|cuenta[1] ; clk          ; clk         ; 0.000        ; 0.062      ; 1.257      ;
; 1.043 ; running                                 ; contador_10:contador_minutos|cuenta[2]  ; clk          ; clk         ; 0.000        ; 0.062      ; 1.262      ;
; 1.051 ; contador_6:contador_decenas|cuenta[1]   ; contador_6:contador_decenas|cuenta[3]   ; clk          ; clk         ; 0.000        ; 0.062      ; 1.270      ;
; 1.064 ; contador_10:contador_unidades|cuenta[1] ; contador_6:contador_decenas|cuenta[3]   ; clk          ; clk         ; 0.000        ; 0.062      ; 1.283      ;
; 1.065 ; contador_10:contador_unidades|cuenta[2] ; contador_6:contador_decenas|cuenta[3]   ; clk          ; clk         ; 0.000        ; 0.062      ; 1.284      ;
; 1.077 ; contador_6:contador_decenas|cuenta[1]   ; contador_6:contador_decenas|cuenta[2]   ; clk          ; clk         ; 0.000        ; 0.062      ; 1.296      ;
; 1.095 ; running                                 ; contador_10:contador_unidades|cuenta[3] ; clk          ; clk         ; 0.000        ; 0.062      ; 1.314      ;
; 1.095 ; running                                 ; contador_10:contador_unidades|cuenta[1] ; clk          ; clk         ; 0.000        ; 0.062      ; 1.314      ;
; 1.095 ; running                                 ; contador_10:contador_unidades|cuenta[0] ; clk          ; clk         ; 0.000        ; 0.062      ; 1.314      ;
; 1.121 ; contador_6:contador_decenas|cuenta[2]   ; contador_6:contador_decenas|cuenta[3]   ; clk          ; clk         ; 0.000        ; 0.062      ; 1.340      ;
; 1.261 ; contador_6:contador_decenas|cuenta[0]   ; contador_10:contador_minutos|cuenta[2]  ; clk          ; clk         ; 0.000        ; 0.062      ; 1.480      ;
; 1.343 ; contador_10:contador_unidades|cuenta[0] ; contador_10:contador_minutos|cuenta[2]  ; clk          ; clk         ; 0.000        ; 0.062      ; 1.562      ;
; 1.376 ; contador_6:contador_decenas|cuenta[2]   ; contador_10:contador_minutos|cuenta[2]  ; clk          ; clk         ; 0.000        ; 0.062      ; 1.595      ;
; 1.448 ; contador_10:contador_unidades|cuenta[3] ; contador_10:contador_minutos|cuenta[2]  ; clk          ; clk         ; 0.000        ; 0.062      ; 1.667      ;
; 1.495 ; contador_6:contador_decenas|cuenta[1]   ; contador_10:contador_minutos|cuenta[2]  ; clk          ; clk         ; 0.000        ; 0.062      ; 1.714      ;
; 1.509 ; contador_6:contador_decenas|cuenta[3]   ; contador_10:contador_minutos|cuenta[2]  ; clk          ; clk         ; 0.000        ; 0.062      ; 1.728      ;
; 1.541 ; contador_10:contador_unidades|cuenta[1] ; contador_10:contador_minutos|cuenta[2]  ; clk          ; clk         ; 0.000        ; 0.062      ; 1.760      ;
; 1.542 ; contador_10:contador_unidades|cuenta[2] ; contador_10:contador_minutos|cuenta[2]  ; clk          ; clk         ; 0.000        ; 0.062      ; 1.761      ;
; 1.562 ; running                                 ; contador_10:contador_minutos|cuenta[3]  ; clk          ; clk         ; 0.000        ; 0.062      ; 1.781      ;
; 1.562 ; running                                 ; contador_10:contador_minutos|cuenta[1]  ; clk          ; clk         ; 0.000        ; 0.062      ; 1.781      ;
; 1.562 ; running                                 ; contador_10:contador_minutos|cuenta[0]  ; clk          ; clk         ; 0.000        ; 0.062      ; 1.781      ;
; 1.634 ; running                                 ; contador_6:contador_decenas|cuenta[1]   ; clk          ; clk         ; 0.000        ; 0.062      ; 1.853      ;
; 1.634 ; running                                 ; contador_6:contador_decenas|cuenta[2]   ; clk          ; clk         ; 0.000        ; 0.062      ; 1.853      ;
; 1.634 ; running                                 ; contador_6:contador_decenas|cuenta[0]   ; clk          ; clk         ; 0.000        ; 0.062      ; 1.853      ;
; 1.676 ; contador_10:contador_unidades|cuenta[0] ; contador_6:contador_decenas|cuenta[1]   ; clk          ; clk         ; 0.000        ; 0.062      ; 1.895      ;
; 1.676 ; contador_10:contador_unidades|cuenta[0] ; contador_6:contador_decenas|cuenta[2]   ; clk          ; clk         ; 0.000        ; 0.062      ; 1.895      ;
; 1.676 ; contador_10:contador_unidades|cuenta[0] ; contador_6:contador_decenas|cuenta[0]   ; clk          ; clk         ; 0.000        ; 0.062      ; 1.895      ;
; 1.780 ; contador_6:contador_decenas|cuenta[0]   ; contador_10:contador_minutos|cuenta[3]  ; clk          ; clk         ; 0.000        ; 0.062      ; 1.999      ;
; 1.780 ; contador_6:contador_decenas|cuenta[0]   ; contador_10:contador_minutos|cuenta[1]  ; clk          ; clk         ; 0.000        ; 0.062      ; 1.999      ;
; 1.780 ; contador_6:contador_decenas|cuenta[0]   ; contador_10:contador_minutos|cuenta[0]  ; clk          ; clk         ; 0.000        ; 0.062      ; 1.999      ;
; 1.781 ; contador_10:contador_unidades|cuenta[3] ; contador_6:contador_decenas|cuenta[1]   ; clk          ; clk         ; 0.000        ; 0.062      ; 2.000      ;
; 1.781 ; contador_10:contador_unidades|cuenta[3] ; contador_6:contador_decenas|cuenta[2]   ; clk          ; clk         ; 0.000        ; 0.062      ; 2.000      ;
; 1.781 ; contador_10:contador_unidades|cuenta[3] ; contador_6:contador_decenas|cuenta[0]   ; clk          ; clk         ; 0.000        ; 0.062      ; 2.000      ;
; 1.862 ; contador_10:contador_unidades|cuenta[0] ; contador_10:contador_minutos|cuenta[3]  ; clk          ; clk         ; 0.000        ; 0.062      ; 2.081      ;
; 1.862 ; contador_10:contador_unidades|cuenta[0] ; contador_10:contador_minutos|cuenta[1]  ; clk          ; clk         ; 0.000        ; 0.062      ; 2.081      ;
; 1.862 ; contador_10:contador_unidades|cuenta[0] ; contador_10:contador_minutos|cuenta[0]  ; clk          ; clk         ; 0.000        ; 0.062      ; 2.081      ;
; 1.865 ; contador_10:contador_unidades|cuenta[1] ; contador_6:contador_decenas|cuenta[1]   ; clk          ; clk         ; 0.000        ; 0.062      ; 2.084      ;
; 1.865 ; contador_10:contador_unidades|cuenta[1] ; contador_6:contador_decenas|cuenta[2]   ; clk          ; clk         ; 0.000        ; 0.062      ; 2.084      ;
; 1.865 ; contador_10:contador_unidades|cuenta[1] ; contador_6:contador_decenas|cuenta[0]   ; clk          ; clk         ; 0.000        ; 0.062      ; 2.084      ;
; 1.866 ; contador_10:contador_unidades|cuenta[2] ; contador_6:contador_decenas|cuenta[1]   ; clk          ; clk         ; 0.000        ; 0.062      ; 2.085      ;
; 1.866 ; contador_10:contador_unidades|cuenta[2] ; contador_6:contador_decenas|cuenta[2]   ; clk          ; clk         ; 0.000        ; 0.062      ; 2.085      ;
; 1.866 ; contador_10:contador_unidades|cuenta[2] ; contador_6:contador_decenas|cuenta[0]   ; clk          ; clk         ; 0.000        ; 0.062      ; 2.085      ;
; 1.895 ; contador_6:contador_decenas|cuenta[2]   ; contador_10:contador_minutos|cuenta[3]  ; clk          ; clk         ; 0.000        ; 0.062      ; 2.114      ;
; 1.895 ; contador_6:contador_decenas|cuenta[2]   ; contador_10:contador_minutos|cuenta[1]  ; clk          ; clk         ; 0.000        ; 0.062      ; 2.114      ;
; 1.895 ; contador_6:contador_decenas|cuenta[2]   ; contador_10:contador_minutos|cuenta[0]  ; clk          ; clk         ; 0.000        ; 0.062      ; 2.114      ;
; 1.967 ; contador_10:contador_unidades|cuenta[3] ; contador_10:contador_minutos|cuenta[3]  ; clk          ; clk         ; 0.000        ; 0.062      ; 2.186      ;
; 1.967 ; contador_10:contador_unidades|cuenta[3] ; contador_10:contador_minutos|cuenta[1]  ; clk          ; clk         ; 0.000        ; 0.062      ; 2.186      ;
; 1.967 ; contador_10:contador_unidades|cuenta[3] ; contador_10:contador_minutos|cuenta[0]  ; clk          ; clk         ; 0.000        ; 0.062      ; 2.186      ;
; 1.990 ; contador_6:contador_decenas|cuenta[1]   ; contador_10:contador_minutos|cuenta[3]  ; clk          ; clk         ; 0.000        ; 0.062      ; 2.209      ;
; 1.990 ; contador_6:contador_decenas|cuenta[1]   ; contador_10:contador_minutos|cuenta[1]  ; clk          ; clk         ; 0.000        ; 0.062      ; 2.209      ;
; 1.990 ; contador_6:contador_decenas|cuenta[1]   ; contador_10:contador_minutos|cuenta[0]  ; clk          ; clk         ; 0.000        ; 0.062      ; 2.209      ;
; 2.004 ; contador_6:contador_decenas|cuenta[3]   ; contador_10:contador_minutos|cuenta[3]  ; clk          ; clk         ; 0.000        ; 0.062      ; 2.223      ;
; 2.004 ; contador_6:contador_decenas|cuenta[3]   ; contador_10:contador_minutos|cuenta[1]  ; clk          ; clk         ; 0.000        ; 0.062      ; 2.223      ;
; 2.004 ; contador_6:contador_decenas|cuenta[3]   ; contador_10:contador_minutos|cuenta[0]  ; clk          ; clk         ; 0.000        ; 0.062      ; 2.223      ;
; 2.036 ; contador_10:contador_unidades|cuenta[1] ; contador_10:contador_minutos|cuenta[3]  ; clk          ; clk         ; 0.000        ; 0.062      ; 2.255      ;
; 2.036 ; contador_10:contador_unidades|cuenta[1] ; contador_10:contador_minutos|cuenta[1]  ; clk          ; clk         ; 0.000        ; 0.062      ; 2.255      ;
; 2.036 ; contador_10:contador_unidades|cuenta[1] ; contador_10:contador_minutos|cuenta[0]  ; clk          ; clk         ; 0.000        ; 0.062      ; 2.255      ;
; 2.037 ; contador_10:contador_unidades|cuenta[2] ; contador_10:contador_minutos|cuenta[3]  ; clk          ; clk         ; 0.000        ; 0.062      ; 2.256      ;
; 2.037 ; contador_10:contador_unidades|cuenta[2] ; contador_10:contador_minutos|cuenta[1]  ; clk          ; clk         ; 0.000        ; 0.062      ; 2.256      ;
; 2.037 ; contador_10:contador_unidades|cuenta[2] ; contador_10:contador_minutos|cuenta[0]  ; clk          ; clk         ; 0.000        ; 0.062      ; 2.256      ;
+-------+-----------------------------------------+-----------------------------------------+--------------+-------------+--------------+------------+------------+


+--------------------------------------------------------------------------------------------------------------------------+
; Slow 1200mV 85C Model Minimum Pulse Width: 'clk'                                                                         ;
+--------+--------------+----------------+------------------+-------+------------+-----------------------------------------+
; Slack  ; Actual Width ; Required Width ; Type             ; Clock ; Clock Edge ; Target                                  ;
+--------+--------------+----------------+------------------+-------+------------+-----------------------------------------+
; -3.000 ; 1.000        ; 4.000          ; Port Rate        ; clk   ; Rise       ; clk                                     ;
; -1.000 ; 1.000        ; 2.000          ; Min Period       ; clk   ; Rise       ; contador_10:contador_minutos|cuenta[0]  ;
; -1.000 ; 1.000        ; 2.000          ; Min Period       ; clk   ; Rise       ; contador_10:contador_minutos|cuenta[1]  ;
; -1.000 ; 1.000        ; 2.000          ; Min Period       ; clk   ; Rise       ; contador_10:contador_minutos|cuenta[2]  ;
; -1.000 ; 1.000        ; 2.000          ; Min Period       ; clk   ; Rise       ; contador_10:contador_minutos|cuenta[3]  ;
; -1.000 ; 1.000        ; 2.000          ; Min Period       ; clk   ; Rise       ; contador_10:contador_unidades|cuenta[0] ;
; -1.000 ; 1.000        ; 2.000          ; Min Period       ; clk   ; Rise       ; contador_10:contador_unidades|cuenta[1] ;
; -1.000 ; 1.000        ; 2.000          ; Min Period       ; clk   ; Rise       ; contador_10:contador_unidades|cuenta[2] ;
; -1.000 ; 1.000        ; 2.000          ; Min Period       ; clk   ; Rise       ; contador_10:contador_unidades|cuenta[3] ;
; -1.000 ; 1.000        ; 2.000          ; Min Period       ; clk   ; Rise       ; contador_6:contador_decenas|cuenta[0]   ;
; -1.000 ; 1.000        ; 2.000          ; Min Period       ; clk   ; Rise       ; contador_6:contador_decenas|cuenta[1]   ;
; -1.000 ; 1.000        ; 2.000          ; Min Period       ; clk   ; Rise       ; contador_6:contador_decenas|cuenta[2]   ;
; -1.000 ; 1.000        ; 2.000          ; Min Period       ; clk   ; Rise       ; contador_6:contador_decenas|cuenta[3]   ;
; -1.000 ; 1.000        ; 2.000          ; Min Period       ; clk   ; Rise       ; running                                 ;
; 0.186  ; 0.370        ; 0.184          ; Low Pulse Width  ; clk   ; Rise       ; contador_10:contador_minutos|cuenta[0]  ;
; 0.186  ; 0.370        ; 0.184          ; Low Pulse Width  ; clk   ; Rise       ; contador_10:contador_minutos|cuenta[1]  ;
; 0.186  ; 0.370        ; 0.184          ; Low Pulse Width  ; clk   ; Rise       ; contador_10:contador_minutos|cuenta[2]  ;
; 0.186  ; 0.370        ; 0.184          ; Low Pulse Width  ; clk   ; Rise       ; contador_10:contador_minutos|cuenta[3]  ;
; 0.186  ; 0.370        ; 0.184          ; Low Pulse Width  ; clk   ; Rise       ; contador_10:contador_unidades|cuenta[0] ;
; 0.186  ; 0.370        ; 0.184          ; Low Pulse Width  ; clk   ; Rise       ; contador_10:contador_unidades|cuenta[1] ;
; 0.186  ; 0.370        ; 0.184          ; Low Pulse Width  ; clk   ; Rise       ; contador_10:contador_unidades|cuenta[2] ;
; 0.186  ; 0.370        ; 0.184          ; Low Pulse Width  ; clk   ; Rise       ; contador_10:contador_unidades|cuenta[3] ;
; 0.186  ; 0.370        ; 0.184          ; Low Pulse Width  ; clk   ; Rise       ; contador_6:contador_decenas|cuenta[0]   ;
; 0.186  ; 0.370        ; 0.184          ; Low Pulse Width  ; clk   ; Rise       ; contador_6:contador_decenas|cuenta[1]   ;
; 0.186  ; 0.370        ; 0.184          ; Low Pulse Width  ; clk   ; Rise       ; contador_6:contador_decenas|cuenta[2]   ;
; 0.186  ; 0.370        ; 0.184          ; Low Pulse Width  ; clk   ; Rise       ; contador_6:contador_decenas|cuenta[3]   ;
; 0.186  ; 0.370        ; 0.184          ; Low Pulse Width  ; clk   ; Rise       ; running                                 ;
; 0.339  ; 0.339        ; 0.000          ; Low Pulse Width  ; clk   ; Rise       ; clk~input|o                             ;
; 0.347  ; 0.347        ; 0.000          ; Low Pulse Width  ; clk   ; Rise       ; contador_decenas|cuenta[0]|clk          ;
; 0.347  ; 0.347        ; 0.000          ; Low Pulse Width  ; clk   ; Rise       ; contador_decenas|cuenta[1]|clk          ;
; 0.347  ; 0.347        ; 0.000          ; Low Pulse Width  ; clk   ; Rise       ; contador_decenas|cuenta[2]|clk          ;
; 0.347  ; 0.347        ; 0.000          ; Low Pulse Width  ; clk   ; Rise       ; contador_decenas|cuenta[3]|clk          ;
; 0.347  ; 0.347        ; 0.000          ; Low Pulse Width  ; clk   ; Rise       ; running|clk                             ;
; 0.348  ; 0.348        ; 0.000          ; Low Pulse Width  ; clk   ; Rise       ; contador_minutos|cuenta[0]|clk          ;
; 0.348  ; 0.348        ; 0.000          ; Low Pulse Width  ; clk   ; Rise       ; contador_minutos|cuenta[1]|clk          ;
; 0.348  ; 0.348        ; 0.000          ; Low Pulse Width  ; clk   ; Rise       ; contador_minutos|cuenta[2]|clk          ;
; 0.348  ; 0.348        ; 0.000          ; Low Pulse Width  ; clk   ; Rise       ; contador_minutos|cuenta[3]|clk          ;
; 0.348  ; 0.348        ; 0.000          ; Low Pulse Width  ; clk   ; Rise       ; contador_unidades|cuenta[0]|clk         ;
; 0.348  ; 0.348        ; 0.000          ; Low Pulse Width  ; clk   ; Rise       ; contador_unidades|cuenta[1]|clk         ;
; 0.348  ; 0.348        ; 0.000          ; Low Pulse Width  ; clk   ; Rise       ; contador_unidades|cuenta[2]|clk         ;
; 0.348  ; 0.348        ; 0.000          ; Low Pulse Width  ; clk   ; Rise       ; contador_unidades|cuenta[3]|clk         ;
; 0.356  ; 0.356        ; 0.000          ; Low Pulse Width  ; clk   ; Rise       ; clk~inputclkctrl|inclk[0]               ;
; 0.356  ; 0.356        ; 0.000          ; Low Pulse Width  ; clk   ; Rise       ; clk~inputclkctrl|outclk                 ;
; 0.412  ; 0.628        ; 0.216          ; High Pulse Width ; clk   ; Rise       ; contador_10:contador_minutos|cuenta[0]  ;
; 0.412  ; 0.628        ; 0.216          ; High Pulse Width ; clk   ; Rise       ; contador_10:contador_minutos|cuenta[1]  ;
; 0.412  ; 0.628        ; 0.216          ; High Pulse Width ; clk   ; Rise       ; contador_10:contador_minutos|cuenta[2]  ;
; 0.412  ; 0.628        ; 0.216          ; High Pulse Width ; clk   ; Rise       ; contador_10:contador_minutos|cuenta[3]  ;
; 0.412  ; 0.628        ; 0.216          ; High Pulse Width ; clk   ; Rise       ; contador_10:contador_unidades|cuenta[0] ;
; 0.412  ; 0.628        ; 0.216          ; High Pulse Width ; clk   ; Rise       ; contador_10:contador_unidades|cuenta[1] ;
; 0.412  ; 0.628        ; 0.216          ; High Pulse Width ; clk   ; Rise       ; contador_10:contador_unidades|cuenta[2] ;
; 0.412  ; 0.628        ; 0.216          ; High Pulse Width ; clk   ; Rise       ; contador_10:contador_unidades|cuenta[3] ;
; 0.413  ; 0.629        ; 0.216          ; High Pulse Width ; clk   ; Rise       ; contador_6:contador_decenas|cuenta[0]   ;
; 0.413  ; 0.629        ; 0.216          ; High Pulse Width ; clk   ; Rise       ; contador_6:contador_decenas|cuenta[1]   ;
; 0.413  ; 0.629        ; 0.216          ; High Pulse Width ; clk   ; Rise       ; contador_6:contador_decenas|cuenta[2]   ;
; 0.413  ; 0.629        ; 0.216          ; High Pulse Width ; clk   ; Rise       ; contador_6:contador_decenas|cuenta[3]   ;
; 0.413  ; 0.629        ; 0.216          ; High Pulse Width ; clk   ; Rise       ; running                                 ;
; 0.500  ; 0.500        ; 0.000          ; High Pulse Width ; clk   ; Rise       ; clk~input|i                             ;
; 0.500  ; 0.500        ; 0.000          ; Low Pulse Width  ; clk   ; Rise       ; clk~input|i                             ;
; 0.643  ; 0.643        ; 0.000          ; High Pulse Width ; clk   ; Rise       ; clk~inputclkctrl|inclk[0]               ;
; 0.643  ; 0.643        ; 0.000          ; High Pulse Width ; clk   ; Rise       ; clk~inputclkctrl|outclk                 ;
; 0.652  ; 0.652        ; 0.000          ; High Pulse Width ; clk   ; Rise       ; contador_decenas|cuenta[0]|clk          ;
; 0.652  ; 0.652        ; 0.000          ; High Pulse Width ; clk   ; Rise       ; contador_decenas|cuenta[1]|clk          ;
; 0.652  ; 0.652        ; 0.000          ; High Pulse Width ; clk   ; Rise       ; contador_decenas|cuenta[2]|clk          ;
; 0.652  ; 0.652        ; 0.000          ; High Pulse Width ; clk   ; Rise       ; contador_decenas|cuenta[3]|clk          ;
; 0.652  ; 0.652        ; 0.000          ; High Pulse Width ; clk   ; Rise       ; contador_minutos|cuenta[0]|clk          ;
; 0.652  ; 0.652        ; 0.000          ; High Pulse Width ; clk   ; Rise       ; contador_minutos|cuenta[1]|clk          ;
; 0.652  ; 0.652        ; 0.000          ; High Pulse Width ; clk   ; Rise       ; contador_minutos|cuenta[2]|clk          ;
; 0.652  ; 0.652        ; 0.000          ; High Pulse Width ; clk   ; Rise       ; contador_minutos|cuenta[3]|clk          ;
; 0.652  ; 0.652        ; 0.000          ; High Pulse Width ; clk   ; Rise       ; contador_unidades|cuenta[0]|clk         ;
; 0.652  ; 0.652        ; 0.000          ; High Pulse Width ; clk   ; Rise       ; contador_unidades|cuenta[1]|clk         ;
; 0.652  ; 0.652        ; 0.000          ; High Pulse Width ; clk   ; Rise       ; contador_unidades|cuenta[2]|clk         ;
; 0.652  ; 0.652        ; 0.000          ; High Pulse Width ; clk   ; Rise       ; contador_unidades|cuenta[3]|clk         ;
; 0.652  ; 0.652        ; 0.000          ; High Pulse Width ; clk   ; Rise       ; running|clk                             ;
; 0.661  ; 0.661        ; 0.000          ; High Pulse Width ; clk   ; Rise       ; clk~input|o                             ;
+--------+--------------+----------------+------------------+-------+------------+-----------------------------------------+


+-----------------------------------------------------------------------+
; Setup Times                                                           ;
+-----------+------------+-------+-------+------------+-----------------+
; Data Port ; Clock Port ; Rise  ; Fall  ; Clock Edge ; Clock Reference ;
+-----------+------------+-------+-------+------------+-----------------+
; start     ; clk        ; 1.857 ; 2.317 ; Rise       ; clk             ;
; stop      ; clk        ; 1.578 ; 1.963 ; Rise       ; clk             ;
+-----------+------------+-------+-------+------------+-----------------+


+-------------------------------------------------------------------------+
; Hold Times                                                              ;
+-----------+------------+--------+--------+------------+-----------------+
; Data Port ; Clock Port ; Rise   ; Fall   ; Clock Edge ; Clock Reference ;
+-----------+------------+--------+--------+------------+-----------------+
; start     ; clk        ; -1.412 ; -1.829 ; Rise       ; clk             ;
; stop      ; clk        ; -1.198 ; -1.583 ; Rise       ; clk             ;
+-----------+------------+--------+--------+------------+-----------------+


+-------------------------------------------------------------------------+
; Clock to Output Times                                                   ;
+-------------+------------+-------+-------+------------+-----------------+
; Data Port   ; Clock Port ; Rise  ; Fall  ; Clock Edge ; Clock Reference ;
+-------------+------------+-------+-------+------------+-----------------+
; ssd_dec[*]  ; clk        ; 6.915 ; 6.939 ; Rise       ; clk             ;
;  ssd_dec[0] ; clk        ; 6.479 ; 6.445 ; Rise       ; clk             ;
;  ssd_dec[1] ; clk        ; 6.915 ; 6.852 ; Rise       ; clk             ;
;  ssd_dec[2] ; clk        ; 6.549 ; 6.616 ; Rise       ; clk             ;
;  ssd_dec[3] ; clk        ; 6.529 ; 6.604 ; Rise       ; clk             ;
;  ssd_dec[4] ; clk        ; 6.562 ; 6.529 ; Rise       ; clk             ;
;  ssd_dec[5] ; clk        ; 6.736 ; 6.734 ; Rise       ; clk             ;
;  ssd_dec[6] ; clk        ; 6.877 ; 6.939 ; Rise       ; clk             ;
; ssd_min[*]  ; clk        ; 7.675 ; 7.692 ; Rise       ; clk             ;
;  ssd_min[0] ; clk        ; 7.588 ; 7.692 ; Rise       ; clk             ;
;  ssd_min[1] ; clk        ; 7.675 ; 7.466 ; Rise       ; clk             ;
;  ssd_min[2] ; clk        ; 6.431 ; 6.371 ; Rise       ; clk             ;
;  ssd_min[3] ; clk        ; 6.335 ; 6.380 ; Rise       ; clk             ;
;  ssd_min[4] ; clk        ; 6.120 ; 6.171 ; Rise       ; clk             ;
;  ssd_min[5] ; clk        ; 6.384 ; 6.386 ; Rise       ; clk             ;
;  ssd_min[6] ; clk        ; 6.384 ; 6.394 ; Rise       ; clk             ;
; ssd_uni[*]  ; clk        ; 6.736 ; 6.769 ; Rise       ; clk             ;
;  ssd_uni[0] ; clk        ; 6.581 ; 6.567 ; Rise       ; clk             ;
;  ssd_uni[1] ; clk        ; 6.638 ; 6.716 ; Rise       ; clk             ;
;  ssd_uni[2] ; clk        ; 6.673 ; 6.620 ; Rise       ; clk             ;
;  ssd_uni[3] ; clk        ; 6.676 ; 6.715 ; Rise       ; clk             ;
;  ssd_uni[4] ; clk        ; 6.721 ; 6.625 ; Rise       ; clk             ;
;  ssd_uni[5] ; clk        ; 6.667 ; 6.606 ; Rise       ; clk             ;
;  ssd_uni[6] ; clk        ; 6.736 ; 6.769 ; Rise       ; clk             ;
+-------------+------------+-------+-------+------------+-----------------+


+-------------------------------------------------------------------------+
; Minimum Clock to Output Times                                           ;
+-------------+------------+-------+-------+------------+-----------------+
; Data Port   ; Clock Port ; Rise  ; Fall  ; Clock Edge ; Clock Reference ;
+-------------+------------+-------+-------+------------+-----------------+
; ssd_dec[*]  ; clk        ; 5.936 ; 5.831 ; Rise       ; clk             ;
;  ssd_dec[0] ; clk        ; 5.946 ; 5.831 ; Rise       ; clk             ;
;  ssd_dec[1] ; clk        ; 6.336 ; 6.277 ; Rise       ; clk             ;
;  ssd_dec[2] ; clk        ; 6.004 ; 5.975 ; Rise       ; clk             ;
;  ssd_dec[3] ; clk        ; 5.936 ; 5.962 ; Rise       ; clk             ;
;  ssd_dec[4] ; clk        ; 5.942 ; 6.030 ; Rise       ; clk             ;
;  ssd_dec[5] ; clk        ; 6.084 ; 6.125 ; Rise       ; clk             ;
;  ssd_dec[6] ; clk        ; 6.267 ; 6.281 ; Rise       ; clk             ;
; ssd_min[*]  ; clk        ; 5.610 ; 5.640 ; Rise       ; clk             ;
;  ssd_min[0] ; clk        ; 7.079 ; 7.162 ; Rise       ; clk             ;
;  ssd_min[1] ; clk        ; 7.156 ; 7.060 ; Rise       ; clk             ;
;  ssd_min[2] ; clk        ; 5.977 ; 5.922 ; Rise       ; clk             ;
;  ssd_min[3] ; clk        ; 5.825 ; 5.855 ; Rise       ; clk             ;
;  ssd_min[4] ; clk        ; 5.610 ; 5.640 ; Rise       ; clk             ;
;  ssd_min[5] ; clk        ; 5.956 ; 5.908 ; Rise       ; clk             ;
;  ssd_min[6] ; clk        ; 5.881 ; 5.880 ; Rise       ; clk             ;
; ssd_uni[*]  ; clk        ; 5.919 ; 5.884 ; Rise       ; clk             ;
;  ssd_uni[0] ; clk        ; 5.919 ; 5.884 ; Rise       ; clk             ;
;  ssd_uni[1] ; clk        ; 6.012 ; 6.037 ; Rise       ; clk             ;
;  ssd_uni[2] ; clk        ; 6.103 ; 6.065 ; Rise       ; clk             ;
;  ssd_uni[3] ; clk        ; 6.021 ; 6.046 ; Rise       ; clk             ;
;  ssd_uni[4] ; clk        ; 6.064 ; 6.084 ; Rise       ; clk             ;
;  ssd_uni[5] ; clk        ; 6.068 ; 6.052 ; Rise       ; clk             ;
;  ssd_uni[6] ; clk        ; 6.073 ; 6.092 ; Rise       ; clk             ;
+-------------+------------+-------+-------+------------+-----------------+


----------------------------------------------
; Slow 1200mV 85C Model Metastability Report ;
----------------------------------------------
No synchronizer chains to report.


+-----------------------------------------------------------------------------------------------------------+
; Slow 1200mV 0C Model Fmax Summary                                                                         ;
+------------+-----------------+------------+---------------------------------------------------------------+
; Fmax       ; Restricted Fmax ; Clock Name ; Note                                                          ;
+------------+-----------------+------------+---------------------------------------------------------------+
; 456.83 MHz ; 250.0 MHz       ; clk        ; limit due to minimum period restriction (max I/O toggle rate) ;
+------------+-----------------+------------+---------------------------------------------------------------+
This panel reports FMAX for every clock in the design, regardless of the user-specified clock periods.  FMAX is only computed for paths where the source and destination registers or ports are driven by the same clock.  Paths of different clocks, including generated clocks, are ignored.  For paths between a clock and its inversion, FMAX is computed as if the rising and falling edges are scaled along with FMAX, such that the duty cycle (in terms of a percentage) is maintained. Altera recommends that you always use clock constraints and other slack reports for sign-off analysis.


+------------------------------------+
; Slow 1200mV 0C Model Setup Summary ;
+-------+--------+-------------------+
; Clock ; Slack  ; End Point TNS     ;
+-------+--------+-------------------+
; clk   ; -1.189 ; -8.707            ;
+-------+--------+-------------------+


+-----------------------------------+
; Slow 1200mV 0C Model Hold Summary ;
+-------+-------+-------------------+
; Clock ; Slack ; End Point TNS     ;
+-------+-------+-------------------+
; clk   ; 0.312 ; 0.000             ;
+-------+-------+-------------------+


-----------------------------------------
; Slow 1200mV 0C Model Recovery Summary ;
-----------------------------------------
No paths to report.


----------------------------------------
; Slow 1200mV 0C Model Removal Summary ;
----------------------------------------
No paths to report.


+--------------------------------------------------+
; Slow 1200mV 0C Model Minimum Pulse Width Summary ;
+-------+--------+---------------------------------+
; Clock ; Slack  ; End Point TNS                   ;
+-------+--------+---------------------------------+
; clk   ; -3.000 ; -16.000                         ;
+-------+--------+---------------------------------+


+------------------------------------------------------------------------------------------------------------------------------------------------------------------+
; Slow 1200mV 0C Model Setup: 'clk'                                                                                                                                ;
+--------+-----------------------------------------+-----------------------------------------+--------------+-------------+--------------+------------+------------+
; Slack  ; From Node                               ; To Node                                 ; Launch Clock ; Latch Clock ; Relationship ; Clock Skew ; Data Delay ;
+--------+-----------------------------------------+-----------------------------------------+--------------+-------------+--------------+------------+------------+
; -1.189 ; contador_10:contador_unidades|cuenta[1] ; contador_10:contador_minutos|cuenta[3]  ; clk          ; clk         ; 1.000        ; -0.054     ; 2.130      ;
; -1.189 ; contador_10:contador_unidades|cuenta[1] ; contador_10:contador_minutos|cuenta[1]  ; clk          ; clk         ; 1.000        ; -0.054     ; 2.130      ;
; -1.189 ; contador_10:contador_unidades|cuenta[1] ; contador_10:contador_minutos|cuenta[0]  ; clk          ; clk         ; 1.000        ; -0.054     ; 2.130      ;
; -1.179 ; contador_10:contador_unidades|cuenta[2] ; contador_10:contador_minutos|cuenta[3]  ; clk          ; clk         ; 1.000        ; -0.054     ; 2.120      ;
; -1.179 ; contador_10:contador_unidades|cuenta[2] ; contador_10:contador_minutos|cuenta[1]  ; clk          ; clk         ; 1.000        ; -0.054     ; 2.120      ;
; -1.179 ; contador_10:contador_unidades|cuenta[2] ; contador_10:contador_minutos|cuenta[0]  ; clk          ; clk         ; 1.000        ; -0.054     ; 2.120      ;
; -1.105 ; contador_6:contador_decenas|cuenta[3]   ; contador_10:contador_minutos|cuenta[3]  ; clk          ; clk         ; 1.000        ; -0.055     ; 2.045      ;
; -1.105 ; contador_6:contador_decenas|cuenta[3]   ; contador_10:contador_minutos|cuenta[1]  ; clk          ; clk         ; 1.000        ; -0.055     ; 2.045      ;
; -1.105 ; contador_6:contador_decenas|cuenta[3]   ; contador_10:contador_minutos|cuenta[0]  ; clk          ; clk         ; 1.000        ; -0.055     ; 2.045      ;
; -1.102 ; contador_6:contador_decenas|cuenta[1]   ; contador_10:contador_minutos|cuenta[3]  ; clk          ; clk         ; 1.000        ; -0.055     ; 2.042      ;
; -1.102 ; contador_6:contador_decenas|cuenta[1]   ; contador_10:contador_minutos|cuenta[1]  ; clk          ; clk         ; 1.000        ; -0.055     ; 2.042      ;
; -1.102 ; contador_6:contador_decenas|cuenta[1]   ; contador_10:contador_minutos|cuenta[0]  ; clk          ; clk         ; 1.000        ; -0.055     ; 2.042      ;
; -1.054 ; contador_10:contador_unidades|cuenta[3] ; contador_10:contador_minutos|cuenta[3]  ; clk          ; clk         ; 1.000        ; -0.054     ; 1.995      ;
; -1.054 ; contador_10:contador_unidades|cuenta[3] ; contador_10:contador_minutos|cuenta[1]  ; clk          ; clk         ; 1.000        ; -0.054     ; 1.995      ;
; -1.054 ; contador_10:contador_unidades|cuenta[3] ; contador_10:contador_minutos|cuenta[0]  ; clk          ; clk         ; 1.000        ; -0.054     ; 1.995      ;
; -1.026 ; contador_6:contador_decenas|cuenta[2]   ; contador_10:contador_minutos|cuenta[3]  ; clk          ; clk         ; 1.000        ; -0.055     ; 1.966      ;
; -1.026 ; contador_6:contador_decenas|cuenta[2]   ; contador_10:contador_minutos|cuenta[1]  ; clk          ; clk         ; 1.000        ; -0.055     ; 1.966      ;
; -1.026 ; contador_6:contador_decenas|cuenta[2]   ; contador_10:contador_minutos|cuenta[0]  ; clk          ; clk         ; 1.000        ; -0.055     ; 1.966      ;
; -1.000 ; contador_10:contador_unidades|cuenta[1] ; contador_6:contador_decenas|cuenta[1]   ; clk          ; clk         ; 1.000        ; -0.054     ; 1.941      ;
; -1.000 ; contador_10:contador_unidades|cuenta[1] ; contador_6:contador_decenas|cuenta[2]   ; clk          ; clk         ; 1.000        ; -0.054     ; 1.941      ;
; -1.000 ; contador_10:contador_unidades|cuenta[1] ; contador_6:contador_decenas|cuenta[0]   ; clk          ; clk         ; 1.000        ; -0.054     ; 1.941      ;
; -0.990 ; contador_10:contador_unidades|cuenta[2] ; contador_6:contador_decenas|cuenta[1]   ; clk          ; clk         ; 1.000        ; -0.054     ; 1.931      ;
; -0.990 ; contador_10:contador_unidades|cuenta[2] ; contador_6:contador_decenas|cuenta[2]   ; clk          ; clk         ; 1.000        ; -0.054     ; 1.931      ;
; -0.990 ; contador_10:contador_unidades|cuenta[2] ; contador_6:contador_decenas|cuenta[0]   ; clk          ; clk         ; 1.000        ; -0.054     ; 1.931      ;
; -0.940 ; contador_10:contador_unidades|cuenta[0] ; contador_10:contador_minutos|cuenta[3]  ; clk          ; clk         ; 1.000        ; -0.054     ; 1.881      ;
; -0.940 ; contador_10:contador_unidades|cuenta[0] ; contador_10:contador_minutos|cuenta[1]  ; clk          ; clk         ; 1.000        ; -0.054     ; 1.881      ;
; -0.940 ; contador_10:contador_unidades|cuenta[0] ; contador_10:contador_minutos|cuenta[0]  ; clk          ; clk         ; 1.000        ; -0.054     ; 1.881      ;
; -0.891 ; contador_6:contador_decenas|cuenta[0]   ; contador_10:contador_minutos|cuenta[3]  ; clk          ; clk         ; 1.000        ; -0.055     ; 1.831      ;
; -0.891 ; contador_6:contador_decenas|cuenta[0]   ; contador_10:contador_minutos|cuenta[1]  ; clk          ; clk         ; 1.000        ; -0.055     ; 1.831      ;
; -0.891 ; contador_6:contador_decenas|cuenta[0]   ; contador_10:contador_minutos|cuenta[0]  ; clk          ; clk         ; 1.000        ; -0.055     ; 1.831      ;
; -0.891 ; contador_10:contador_unidades|cuenta[3] ; contador_6:contador_decenas|cuenta[1]   ; clk          ; clk         ; 1.000        ; -0.054     ; 1.832      ;
; -0.891 ; contador_10:contador_unidades|cuenta[3] ; contador_6:contador_decenas|cuenta[2]   ; clk          ; clk         ; 1.000        ; -0.054     ; 1.832      ;
; -0.891 ; contador_10:contador_unidades|cuenta[3] ; contador_6:contador_decenas|cuenta[0]   ; clk          ; clk         ; 1.000        ; -0.054     ; 1.832      ;
; -0.819 ; contador_10:contador_unidades|cuenta[1] ; contador_10:contador_minutos|cuenta[2]  ; clk          ; clk         ; 1.000        ; -0.054     ; 1.760      ;
; -0.809 ; contador_10:contador_unidades|cuenta[2] ; contador_10:contador_minutos|cuenta[2]  ; clk          ; clk         ; 1.000        ; -0.054     ; 1.750      ;
; -0.762 ; contador_10:contador_unidades|cuenta[0] ; contador_6:contador_decenas|cuenta[1]   ; clk          ; clk         ; 1.000        ; -0.054     ; 1.703      ;
; -0.762 ; contador_10:contador_unidades|cuenta[0] ; contador_6:contador_decenas|cuenta[2]   ; clk          ; clk         ; 1.000        ; -0.054     ; 1.703      ;
; -0.762 ; contador_10:contador_unidades|cuenta[0] ; contador_6:contador_decenas|cuenta[0]   ; clk          ; clk         ; 1.000        ; -0.054     ; 1.703      ;
; -0.740 ; running                                 ; contador_6:contador_decenas|cuenta[1]   ; clk          ; clk         ; 1.000        ; -0.055     ; 1.680      ;
; -0.740 ; running                                 ; contador_6:contador_decenas|cuenta[2]   ; clk          ; clk         ; 1.000        ; -0.055     ; 1.680      ;
; -0.740 ; running                                 ; contador_6:contador_decenas|cuenta[0]   ; clk          ; clk         ; 1.000        ; -0.055     ; 1.680      ;
; -0.735 ; contador_6:contador_decenas|cuenta[3]   ; contador_10:contador_minutos|cuenta[2]  ; clk          ; clk         ; 1.000        ; -0.055     ; 1.675      ;
; -0.732 ; contador_6:contador_decenas|cuenta[1]   ; contador_10:contador_minutos|cuenta[2]  ; clk          ; clk         ; 1.000        ; -0.055     ; 1.672      ;
; -0.704 ; contador_10:contador_unidades|cuenta[3] ; contador_10:contador_minutos|cuenta[2]  ; clk          ; clk         ; 1.000        ; -0.054     ; 1.645      ;
; -0.678 ; running                                 ; contador_10:contador_minutos|cuenta[3]  ; clk          ; clk         ; 1.000        ; -0.055     ; 1.618      ;
; -0.678 ; running                                 ; contador_10:contador_minutos|cuenta[1]  ; clk          ; clk         ; 1.000        ; -0.055     ; 1.618      ;
; -0.678 ; running                                 ; contador_10:contador_minutos|cuenta[0]  ; clk          ; clk         ; 1.000        ; -0.055     ; 1.618      ;
; -0.676 ; contador_6:contador_decenas|cuenta[2]   ; contador_10:contador_minutos|cuenta[2]  ; clk          ; clk         ; 1.000        ; -0.055     ; 1.616      ;
; -0.575 ; contador_10:contador_unidades|cuenta[0] ; contador_10:contador_minutos|cuenta[2]  ; clk          ; clk         ; 1.000        ; -0.054     ; 1.516      ;
; -0.541 ; contador_6:contador_decenas|cuenta[0]   ; contador_10:contador_minutos|cuenta[2]  ; clk          ; clk         ; 1.000        ; -0.055     ; 1.481      ;
; -0.442 ; contador_6:contador_decenas|cuenta[2]   ; contador_6:contador_decenas|cuenta[3]   ; clk          ; clk         ; 1.000        ; -0.055     ; 1.382      ;
; -0.415 ; contador_6:contador_decenas|cuenta[1]   ; contador_6:contador_decenas|cuenta[3]   ; clk          ; clk         ; 1.000        ; -0.055     ; 1.355      ;
; -0.350 ; contador_10:contador_unidades|cuenta[1] ; contador_6:contador_decenas|cuenta[3]   ; clk          ; clk         ; 1.000        ; -0.054     ; 1.291      ;
; -0.349 ; contador_6:contador_decenas|cuenta[1]   ; contador_6:contador_decenas|cuenta[2]   ; clk          ; clk         ; 1.000        ; -0.055     ; 1.289      ;
; -0.340 ; contador_10:contador_unidades|cuenta[2] ; contador_6:contador_decenas|cuenta[3]   ; clk          ; clk         ; 1.000        ; -0.054     ; 1.281      ;
; -0.328 ; running                                 ; contador_10:contador_minutos|cuenta[2]  ; clk          ; clk         ; 1.000        ; -0.055     ; 1.268      ;
; -0.301 ; contador_10:contador_unidades|cuenta[3] ; contador_10:contador_unidades|cuenta[1] ; clk          ; clk         ; 1.000        ; -0.054     ; 1.242      ;
; -0.280 ; contador_10:contador_unidades|cuenta[1] ; contador_10:contador_unidades|cuenta[3] ; clk          ; clk         ; 1.000        ; -0.054     ; 1.221      ;
; -0.272 ; contador_6:contador_decenas|cuenta[2]   ; contador_6:contador_decenas|cuenta[1]   ; clk          ; clk         ; 1.000        ; -0.055     ; 1.212      ;
; -0.259 ; contador_10:contador_unidades|cuenta[3] ; contador_6:contador_decenas|cuenta[3]   ; clk          ; clk         ; 1.000        ; -0.054     ; 1.200      ;
; -0.222 ; running                                 ; contador_10:contador_unidades|cuenta[3] ; clk          ; clk         ; 1.000        ; -0.055     ; 1.162      ;
; -0.222 ; running                                 ; contador_10:contador_unidades|cuenta[1] ; clk          ; clk         ; 1.000        ; -0.055     ; 1.162      ;
; -0.222 ; running                                 ; contador_10:contador_unidades|cuenta[0] ; clk          ; clk         ; 1.000        ; -0.055     ; 1.162      ;
; -0.198 ; contador_6:contador_decenas|cuenta[0]   ; contador_6:contador_decenas|cuenta[3]   ; clk          ; clk         ; 1.000        ; -0.055     ; 1.138      ;
; -0.153 ; contador_10:contador_unidades|cuenta[0] ; contador_10:contador_unidades|cuenta[1] ; clk          ; clk         ; 1.000        ; -0.054     ; 1.094      ;
; -0.130 ; contador_10:contador_unidades|cuenta[0] ; contador_6:contador_decenas|cuenta[3]   ; clk          ; clk         ; 1.000        ; -0.054     ; 1.071      ;
; -0.123 ; contador_10:contador_unidades|cuenta[0] ; contador_10:contador_unidades|cuenta[3] ; clk          ; clk         ; 1.000        ; -0.054     ; 1.064      ;
; -0.076 ; running                                 ; contador_10:contador_unidades|cuenta[2] ; clk          ; clk         ; 1.000        ; -0.055     ; 1.016      ;
; -0.060 ; contador_6:contador_decenas|cuenta[0]   ; contador_6:contador_decenas|cuenta[2]   ; clk          ; clk         ; 1.000        ; -0.055     ; 1.000      ;
; -0.057 ; contador_6:contador_decenas|cuenta[0]   ; contador_6:contador_decenas|cuenta[1]   ; clk          ; clk         ; 1.000        ; -0.055     ; 0.997      ;
; -0.039 ; contador_10:contador_unidades|cuenta[1] ; contador_10:contador_unidades|cuenta[2] ; clk          ; clk         ; 1.000        ; -0.054     ; 0.980      ;
; -0.037 ; running                                 ; contador_6:contador_decenas|cuenta[3]   ; clk          ; clk         ; 1.000        ; -0.055     ; 0.977      ;
; -0.014 ; contador_10:contador_minutos|cuenta[1]  ; contador_10:contador_minutos|cuenta[3]  ; clk          ; clk         ; 1.000        ; -0.055     ; 0.954      ;
; -0.007 ; contador_10:contador_minutos|cuenta[0]  ; contador_10:contador_minutos|cuenta[1]  ; clk          ; clk         ; 1.000        ; -0.055     ; 0.947      ;
; 0.008  ; contador_10:contador_minutos|cuenta[3]  ; contador_10:contador_minutos|cuenta[1]  ; clk          ; clk         ; 1.000        ; -0.055     ; 0.932      ;
; 0.011  ; contador_10:contador_minutos|cuenta[1]  ; contador_10:contador_minutos|cuenta[2]  ; clk          ; clk         ; 1.000        ; -0.055     ; 0.929      ;
; 0.011  ; contador_10:contador_minutos|cuenta[0]  ; contador_10:contador_minutos|cuenta[2]  ; clk          ; clk         ; 1.000        ; -0.055     ; 0.929      ;
; 0.011  ; contador_10:contador_unidades|cuenta[0] ; contador_10:contador_unidades|cuenta[2] ; clk          ; clk         ; 1.000        ; -0.054     ; 0.930      ;
; 0.015  ; contador_10:contador_minutos|cuenta[0]  ; contador_10:contador_minutos|cuenta[3]  ; clk          ; clk         ; 1.000        ; -0.055     ; 0.925      ;
; 0.081  ; contador_6:contador_decenas|cuenta[3]   ; contador_6:contador_decenas|cuenta[1]   ; clk          ; clk         ; 1.000        ; -0.055     ; 0.859      ;
; 0.105  ; contador_6:contador_decenas|cuenta[3]   ; contador_6:contador_decenas|cuenta[2]   ; clk          ; clk         ; 1.000        ; -0.055     ; 0.835      ;
; 0.117  ; contador_10:contador_unidades|cuenta[2] ; contador_10:contador_unidades|cuenta[3] ; clk          ; clk         ; 1.000        ; -0.054     ; 0.824      ;
; 0.122  ; contador_10:contador_unidades|cuenta[2] ; contador_10:contador_unidades|cuenta[1] ; clk          ; clk         ; 1.000        ; -0.054     ; 0.819      ;
; 0.252  ; contador_10:contador_minutos|cuenta[2]  ; contador_10:contador_minutos|cuenta[3]  ; clk          ; clk         ; 1.000        ; -0.055     ; 0.688      ;
; 0.266  ; contador_10:contador_minutos|cuenta[2]  ; contador_10:contador_minutos|cuenta[1]  ; clk          ; clk         ; 1.000        ; -0.055     ; 0.674      ;
; 0.357  ; contador_10:contador_minutos|cuenta[0]  ; contador_10:contador_minutos|cuenta[0]  ; clk          ; clk         ; 1.000        ; -0.055     ; 0.583      ;
; 0.357  ; contador_6:contador_decenas|cuenta[0]   ; contador_6:contador_decenas|cuenta[0]   ; clk          ; clk         ; 1.000        ; -0.055     ; 0.583      ;
; 0.357  ; contador_10:contador_minutos|cuenta[2]  ; contador_10:contador_minutos|cuenta[2]  ; clk          ; clk         ; 1.000        ; -0.055     ; 0.583      ;
; 0.357  ; contador_6:contador_decenas|cuenta[3]   ; contador_6:contador_decenas|cuenta[3]   ; clk          ; clk         ; 1.000        ; -0.055     ; 0.583      ;
; 0.357  ; contador_6:contador_decenas|cuenta[2]   ; contador_6:contador_decenas|cuenta[2]   ; clk          ; clk         ; 1.000        ; -0.055     ; 0.583      ;
; 0.357  ; contador_6:contador_decenas|cuenta[1]   ; contador_6:contador_decenas|cuenta[1]   ; clk          ; clk         ; 1.000        ; -0.055     ; 0.583      ;
; 0.357  ; contador_10:contador_minutos|cuenta[3]  ; contador_10:contador_minutos|cuenta[3]  ; clk          ; clk         ; 1.000        ; -0.055     ; 0.583      ;
; 0.357  ; contador_10:contador_minutos|cuenta[1]  ; contador_10:contador_minutos|cuenta[1]  ; clk          ; clk         ; 1.000        ; -0.055     ; 0.583      ;
; 0.358  ; contador_10:contador_unidades|cuenta[0] ; contador_10:contador_unidades|cuenta[0] ; clk          ; clk         ; 1.000        ; -0.054     ; 0.583      ;
; 0.358  ; contador_10:contador_unidades|cuenta[3] ; contador_10:contador_unidades|cuenta[3] ; clk          ; clk         ; 1.000        ; -0.054     ; 0.583      ;
; 0.358  ; contador_10:contador_unidades|cuenta[1] ; contador_10:contador_unidades|cuenta[1] ; clk          ; clk         ; 1.000        ; -0.054     ; 0.583      ;
; 0.358  ; contador_10:contador_unidades|cuenta[2] ; contador_10:contador_unidades|cuenta[2] ; clk          ; clk         ; 1.000        ; -0.054     ; 0.583      ;
; 0.378  ; running                                 ; running                                 ; clk          ; clk         ; 1.000        ; -0.055     ; 0.562      ;
+--------+-----------------------------------------+-----------------------------------------+--------------+-------------+--------------+------------+------------+


+-----------------------------------------------------------------------------------------------------------------------------------------------------------------+
; Slow 1200mV 0C Model Hold: 'clk'                                                                                                                                ;
+-------+-----------------------------------------+-----------------------------------------+--------------+-------------+--------------+------------+------------+
; Slack ; From Node                               ; To Node                                 ; Launch Clock ; Latch Clock ; Relationship ; Clock Skew ; Data Delay ;
+-------+-----------------------------------------+-----------------------------------------+--------------+-------------+--------------+------------+------------+
; 0.312 ; contador_10:contador_minutos|cuenta[3]  ; contador_10:contador_minutos|cuenta[3]  ; clk          ; clk         ; 0.000        ; 0.055      ; 0.511      ;
; 0.312 ; contador_10:contador_minutos|cuenta[1]  ; contador_10:contador_minutos|cuenta[1]  ; clk          ; clk         ; 0.000        ; 0.055      ; 0.511      ;
; 0.312 ; contador_10:contador_minutos|cuenta[2]  ; contador_10:contador_minutos|cuenta[2]  ; clk          ; clk         ; 0.000        ; 0.055      ; 0.511      ;
; 0.312 ; contador_6:contador_decenas|cuenta[1]   ; contador_6:contador_decenas|cuenta[1]   ; clk          ; clk         ; 0.000        ; 0.055      ; 0.511      ;
; 0.312 ; contador_6:contador_decenas|cuenta[3]   ; contador_6:contador_decenas|cuenta[3]   ; clk          ; clk         ; 0.000        ; 0.055      ; 0.511      ;
; 0.312 ; contador_6:contador_decenas|cuenta[2]   ; contador_6:contador_decenas|cuenta[2]   ; clk          ; clk         ; 0.000        ; 0.055      ; 0.511      ;
; 0.312 ; running                                 ; running                                 ; clk          ; clk         ; 0.000        ; 0.055      ; 0.511      ;
; 0.313 ; contador_10:contador_unidades|cuenta[3] ; contador_10:contador_unidades|cuenta[3] ; clk          ; clk         ; 0.000        ; 0.054      ; 0.511      ;
; 0.313 ; contador_10:contador_unidades|cuenta[1] ; contador_10:contador_unidades|cuenta[1] ; clk          ; clk         ; 0.000        ; 0.054      ; 0.511      ;
; 0.313 ; contador_10:contador_unidades|cuenta[2] ; contador_10:contador_unidades|cuenta[2] ; clk          ; clk         ; 0.000        ; 0.054      ; 0.511      ;
; 0.320 ; contador_10:contador_minutos|cuenta[0]  ; contador_10:contador_minutos|cuenta[0]  ; clk          ; clk         ; 0.000        ; 0.055      ; 0.519      ;
; 0.320 ; contador_6:contador_decenas|cuenta[0]   ; contador_6:contador_decenas|cuenta[0]   ; clk          ; clk         ; 0.000        ; 0.055      ; 0.519      ;
; 0.321 ; contador_10:contador_unidades|cuenta[0] ; contador_10:contador_unidades|cuenta[0] ; clk          ; clk         ; 0.000        ; 0.054      ; 0.519      ;
; 0.383 ; contador_10:contador_minutos|cuenta[2]  ; contador_10:contador_minutos|cuenta[3]  ; clk          ; clk         ; 0.000        ; 0.055      ; 0.582      ;
; 0.389 ; contador_10:contador_minutos|cuenta[2]  ; contador_10:contador_minutos|cuenta[1]  ; clk          ; clk         ; 0.000        ; 0.055      ; 0.588      ;
; 0.527 ; contador_6:contador_decenas|cuenta[3]   ; contador_6:contador_decenas|cuenta[1]   ; clk          ; clk         ; 0.000        ; 0.055      ; 0.726      ;
; 0.541 ; contador_10:contador_unidades|cuenta[2] ; contador_10:contador_unidades|cuenta[3] ; clk          ; clk         ; 0.000        ; 0.054      ; 0.739      ;
; 0.541 ; contador_6:contador_decenas|cuenta[3]   ; contador_6:contador_decenas|cuenta[2]   ; clk          ; clk         ; 0.000        ; 0.055      ; 0.740      ;
; 0.545 ; contador_10:contador_minutos|cuenta[0]  ; contador_10:contador_minutos|cuenta[1]  ; clk          ; clk         ; 0.000        ; 0.055      ; 0.744      ;
; 0.549 ; contador_10:contador_minutos|cuenta[0]  ; contador_10:contador_minutos|cuenta[3]  ; clk          ; clk         ; 0.000        ; 0.055      ; 0.748      ;
; 0.551 ; contador_10:contador_minutos|cuenta[1]  ; contador_10:contador_minutos|cuenta[3]  ; clk          ; clk         ; 0.000        ; 0.055      ; 0.750      ;
; 0.552 ; contador_10:contador_minutos|cuenta[0]  ; contador_10:contador_minutos|cuenta[2]  ; clk          ; clk         ; 0.000        ; 0.055      ; 0.751      ;
; 0.554 ; contador_10:contador_minutos|cuenta[1]  ; contador_10:contador_minutos|cuenta[2]  ; clk          ; clk         ; 0.000        ; 0.055      ; 0.753      ;
; 0.557 ; contador_10:contador_unidades|cuenta[2] ; contador_10:contador_unidades|cuenta[1] ; clk          ; clk         ; 0.000        ; 0.054      ; 0.755      ;
; 0.615 ; contador_10:contador_minutos|cuenta[3]  ; contador_10:contador_minutos|cuenta[1]  ; clk          ; clk         ; 0.000        ; 0.055      ; 0.814      ;
; 0.654 ; contador_10:contador_unidades|cuenta[1] ; contador_10:contador_unidades|cuenta[2] ; clk          ; clk         ; 0.000        ; 0.054      ; 0.852      ;
; 0.659 ; running                                 ; contador_6:contador_decenas|cuenta[3]   ; clk          ; clk         ; 0.000        ; 0.055      ; 0.858      ;
; 0.663 ; contador_10:contador_unidades|cuenta[0] ; contador_10:contador_unidades|cuenta[2] ; clk          ; clk         ; 0.000        ; 0.054      ; 0.861      ;
; 0.703 ; running                                 ; contador_10:contador_unidades|cuenta[2] ; clk          ; clk         ; 0.000        ; 0.054      ; 0.901      ;
; 0.707 ; contador_10:contador_unidades|cuenta[0] ; contador_10:contador_unidades|cuenta[3] ; clk          ; clk         ; 0.000        ; 0.054      ; 0.905      ;
; 0.712 ; contador_10:contador_unidades|cuenta[0] ; contador_10:contador_unidades|cuenta[1] ; clk          ; clk         ; 0.000        ; 0.054      ; 0.910      ;
; 0.713 ; contador_6:contador_decenas|cuenta[0]   ; contador_6:contador_decenas|cuenta[1]   ; clk          ; clk         ; 0.000        ; 0.055      ; 0.912      ;
; 0.724 ; contador_6:contador_decenas|cuenta[0]   ; contador_6:contador_decenas|cuenta[2]   ; clk          ; clk         ; 0.000        ; 0.055      ; 0.923      ;
; 0.787 ; contador_10:contador_unidades|cuenta[0] ; contador_6:contador_decenas|cuenta[3]   ; clk          ; clk         ; 0.000        ; 0.055      ; 0.986      ;
; 0.789 ; contador_6:contador_decenas|cuenta[0]   ; contador_6:contador_decenas|cuenta[3]   ; clk          ; clk         ; 0.000        ; 0.055      ; 0.988      ;
; 0.867 ; contador_10:contador_unidades|cuenta[1] ; contador_10:contador_unidades|cuenta[3] ; clk          ; clk         ; 0.000        ; 0.054      ; 1.065      ;
; 0.880 ; contador_10:contador_unidades|cuenta[3] ; contador_6:contador_decenas|cuenta[3]   ; clk          ; clk         ; 0.000        ; 0.055      ; 1.079      ;
; 0.921 ; contador_6:contador_decenas|cuenta[2]   ; contador_6:contador_decenas|cuenta[1]   ; clk          ; clk         ; 0.000        ; 0.055      ; 1.120      ;
; 0.946 ; contador_6:contador_decenas|cuenta[1]   ; contador_6:contador_decenas|cuenta[3]   ; clk          ; clk         ; 0.000        ; 0.055      ; 1.145      ;
; 0.948 ; contador_10:contador_unidades|cuenta[1] ; contador_6:contador_decenas|cuenta[3]   ; clk          ; clk         ; 0.000        ; 0.055      ; 1.147      ;
; 0.949 ; running                                 ; contador_10:contador_minutos|cuenta[2]  ; clk          ; clk         ; 0.000        ; 0.055      ; 1.148      ;
; 0.949 ; contador_10:contador_unidades|cuenta[2] ; contador_6:contador_decenas|cuenta[3]   ; clk          ; clk         ; 0.000        ; 0.055      ; 1.148      ;
; 0.951 ; contador_10:contador_unidades|cuenta[3] ; contador_10:contador_unidades|cuenta[1] ; clk          ; clk         ; 0.000        ; 0.054      ; 1.149      ;
; 0.992 ; running                                 ; contador_10:contador_unidades|cuenta[3] ; clk          ; clk         ; 0.000        ; 0.054      ; 1.190      ;
; 0.992 ; running                                 ; contador_10:contador_unidades|cuenta[1] ; clk          ; clk         ; 0.000        ; 0.054      ; 1.190      ;
; 0.992 ; running                                 ; contador_10:contador_unidades|cuenta[0] ; clk          ; clk         ; 0.000        ; 0.054      ; 1.190      ;
; 0.992 ; contador_6:contador_decenas|cuenta[1]   ; contador_6:contador_decenas|cuenta[2]   ; clk          ; clk         ; 0.000        ; 0.055      ; 1.191      ;
; 1.016 ; contador_6:contador_decenas|cuenta[2]   ; contador_6:contador_decenas|cuenta[3]   ; clk          ; clk         ; 0.000        ; 0.055      ; 1.215      ;
; 1.151 ; contador_6:contador_decenas|cuenta[0]   ; contador_10:contador_minutos|cuenta[2]  ; clk          ; clk         ; 0.000        ; 0.055      ; 1.350      ;
; 1.238 ; contador_10:contador_unidades|cuenta[0] ; contador_10:contador_minutos|cuenta[2]  ; clk          ; clk         ; 0.000        ; 0.055      ; 1.437      ;
; 1.252 ; contador_6:contador_decenas|cuenta[2]   ; contador_10:contador_minutos|cuenta[2]  ; clk          ; clk         ; 0.000        ; 0.055      ; 1.451      ;
; 1.331 ; contador_10:contador_unidades|cuenta[3] ; contador_10:contador_minutos|cuenta[2]  ; clk          ; clk         ; 0.000        ; 0.055      ; 1.530      ;
; 1.335 ; contador_6:contador_decenas|cuenta[1]   ; contador_10:contador_minutos|cuenta[2]  ; clk          ; clk         ; 0.000        ; 0.055      ; 1.534      ;
; 1.344 ; contador_6:contador_decenas|cuenta[3]   ; contador_10:contador_minutos|cuenta[2]  ; clk          ; clk         ; 0.000        ; 0.055      ; 1.543      ;
; 1.377 ; contador_10:contador_unidades|cuenta[1] ; contador_10:contador_minutos|cuenta[2]  ; clk          ; clk         ; 0.000        ; 0.055      ; 1.576      ;
; 1.378 ; contador_10:contador_unidades|cuenta[2] ; contador_10:contador_minutos|cuenta[2]  ; clk          ; clk         ; 0.000        ; 0.055      ; 1.577      ;
; 1.420 ; running                                 ; contador_10:contador_minutos|cuenta[3]  ; clk          ; clk         ; 0.000        ; 0.055      ; 1.619      ;
; 1.420 ; running                                 ; contador_10:contador_minutos|cuenta[1]  ; clk          ; clk         ; 0.000        ; 0.055      ; 1.619      ;
; 1.420 ; running                                 ; contador_10:contador_minutos|cuenta[0]  ; clk          ; clk         ; 0.000        ; 0.055      ; 1.619      ;
; 1.491 ; running                                 ; contador_6:contador_decenas|cuenta[1]   ; clk          ; clk         ; 0.000        ; 0.055      ; 1.690      ;
; 1.491 ; running                                 ; contador_6:contador_decenas|cuenta[2]   ; clk          ; clk         ; 0.000        ; 0.055      ; 1.690      ;
; 1.491 ; running                                 ; contador_6:contador_decenas|cuenta[0]   ; clk          ; clk         ; 0.000        ; 0.055      ; 1.690      ;
; 1.528 ; contador_10:contador_unidades|cuenta[0] ; contador_6:contador_decenas|cuenta[1]   ; clk          ; clk         ; 0.000        ; 0.055      ; 1.727      ;
; 1.528 ; contador_10:contador_unidades|cuenta[0] ; contador_6:contador_decenas|cuenta[2]   ; clk          ; clk         ; 0.000        ; 0.055      ; 1.727      ;
; 1.528 ; contador_10:contador_unidades|cuenta[0] ; contador_6:contador_decenas|cuenta[0]   ; clk          ; clk         ; 0.000        ; 0.055      ; 1.727      ;
; 1.621 ; contador_10:contador_unidades|cuenta[3] ; contador_6:contador_decenas|cuenta[1]   ; clk          ; clk         ; 0.000        ; 0.055      ; 1.820      ;
; 1.621 ; contador_10:contador_unidades|cuenta[3] ; contador_6:contador_decenas|cuenta[2]   ; clk          ; clk         ; 0.000        ; 0.055      ; 1.820      ;
; 1.621 ; contador_10:contador_unidades|cuenta[3] ; contador_6:contador_decenas|cuenta[0]   ; clk          ; clk         ; 0.000        ; 0.055      ; 1.820      ;
; 1.622 ; contador_6:contador_decenas|cuenta[0]   ; contador_10:contador_minutos|cuenta[3]  ; clk          ; clk         ; 0.000        ; 0.055      ; 1.821      ;
; 1.622 ; contador_6:contador_decenas|cuenta[0]   ; contador_10:contador_minutos|cuenta[1]  ; clk          ; clk         ; 0.000        ; 0.055      ; 1.821      ;
; 1.622 ; contador_6:contador_decenas|cuenta[0]   ; contador_10:contador_minutos|cuenta[0]  ; clk          ; clk         ; 0.000        ; 0.055      ; 1.821      ;
; 1.678 ; contador_10:contador_unidades|cuenta[1] ; contador_6:contador_decenas|cuenta[1]   ; clk          ; clk         ; 0.000        ; 0.055      ; 1.877      ;
; 1.678 ; contador_10:contador_unidades|cuenta[1] ; contador_6:contador_decenas|cuenta[2]   ; clk          ; clk         ; 0.000        ; 0.055      ; 1.877      ;
; 1.678 ; contador_10:contador_unidades|cuenta[1] ; contador_6:contador_decenas|cuenta[0]   ; clk          ; clk         ; 0.000        ; 0.055      ; 1.877      ;
; 1.679 ; contador_10:contador_unidades|cuenta[2] ; contador_6:contador_decenas|cuenta[1]   ; clk          ; clk         ; 0.000        ; 0.055      ; 1.878      ;
; 1.679 ; contador_10:contador_unidades|cuenta[2] ; contador_6:contador_decenas|cuenta[2]   ; clk          ; clk         ; 0.000        ; 0.055      ; 1.878      ;
; 1.679 ; contador_10:contador_unidades|cuenta[2] ; contador_6:contador_decenas|cuenta[0]   ; clk          ; clk         ; 0.000        ; 0.055      ; 1.878      ;
; 1.696 ; contador_10:contador_unidades|cuenta[0] ; contador_10:contador_minutos|cuenta[3]  ; clk          ; clk         ; 0.000        ; 0.055      ; 1.895      ;
; 1.696 ; contador_10:contador_unidades|cuenta[0] ; contador_10:contador_minutos|cuenta[1]  ; clk          ; clk         ; 0.000        ; 0.055      ; 1.895      ;
; 1.696 ; contador_10:contador_unidades|cuenta[0] ; contador_10:contador_minutos|cuenta[0]  ; clk          ; clk         ; 0.000        ; 0.055      ; 1.895      ;
; 1.723 ; contador_6:contador_decenas|cuenta[2]   ; contador_10:contador_minutos|cuenta[3]  ; clk          ; clk         ; 0.000        ; 0.055      ; 1.922      ;
; 1.723 ; contador_6:contador_decenas|cuenta[2]   ; contador_10:contador_minutos|cuenta[1]  ; clk          ; clk         ; 0.000        ; 0.055      ; 1.922      ;
; 1.723 ; contador_6:contador_decenas|cuenta[2]   ; contador_10:contador_minutos|cuenta[0]  ; clk          ; clk         ; 0.000        ; 0.055      ; 1.922      ;
; 1.792 ; contador_6:contador_decenas|cuenta[1]   ; contador_10:contador_minutos|cuenta[3]  ; clk          ; clk         ; 0.000        ; 0.055      ; 1.991      ;
; 1.792 ; contador_6:contador_decenas|cuenta[1]   ; contador_10:contador_minutos|cuenta[1]  ; clk          ; clk         ; 0.000        ; 0.055      ; 1.991      ;
; 1.792 ; contador_6:contador_decenas|cuenta[1]   ; contador_10:contador_minutos|cuenta[0]  ; clk          ; clk         ; 0.000        ; 0.055      ; 1.991      ;
; 1.801 ; contador_6:contador_decenas|cuenta[3]   ; contador_10:contador_minutos|cuenta[3]  ; clk          ; clk         ; 0.000        ; 0.055      ; 2.000      ;
; 1.801 ; contador_6:contador_decenas|cuenta[3]   ; contador_10:contador_minutos|cuenta[1]  ; clk          ; clk         ; 0.000        ; 0.055      ; 2.000      ;
; 1.801 ; contador_6:contador_decenas|cuenta[3]   ; contador_10:contador_minutos|cuenta[0]  ; clk          ; clk         ; 0.000        ; 0.055      ; 2.000      ;
; 1.802 ; contador_10:contador_unidades|cuenta[3] ; contador_10:contador_minutos|cuenta[3]  ; clk          ; clk         ; 0.000        ; 0.055      ; 2.001      ;
; 1.802 ; contador_10:contador_unidades|cuenta[3] ; contador_10:contador_minutos|cuenta[1]  ; clk          ; clk         ; 0.000        ; 0.055      ; 2.001      ;
; 1.802 ; contador_10:contador_unidades|cuenta[3] ; contador_10:contador_minutos|cuenta[0]  ; clk          ; clk         ; 0.000        ; 0.055      ; 2.001      ;
; 1.834 ; contador_10:contador_unidades|cuenta[1] ; contador_10:contador_minutos|cuenta[3]  ; clk          ; clk         ; 0.000        ; 0.055      ; 2.033      ;
; 1.834 ; contador_10:contador_unidades|cuenta[1] ; contador_10:contador_minutos|cuenta[1]  ; clk          ; clk         ; 0.000        ; 0.055      ; 2.033      ;
; 1.834 ; contador_10:contador_unidades|cuenta[1] ; contador_10:contador_minutos|cuenta[0]  ; clk          ; clk         ; 0.000        ; 0.055      ; 2.033      ;
; 1.835 ; contador_10:contador_unidades|cuenta[2] ; contador_10:contador_minutos|cuenta[3]  ; clk          ; clk         ; 0.000        ; 0.055      ; 2.034      ;
; 1.835 ; contador_10:contador_unidades|cuenta[2] ; contador_10:contador_minutos|cuenta[1]  ; clk          ; clk         ; 0.000        ; 0.055      ; 2.034      ;
; 1.835 ; contador_10:contador_unidades|cuenta[2] ; contador_10:contador_minutos|cuenta[0]  ; clk          ; clk         ; 0.000        ; 0.055      ; 2.034      ;
+-------+-----------------------------------------+-----------------------------------------+--------------+-------------+--------------+------------+------------+


+--------------------------------------------------------------------------------------------------------------------------+
; Slow 1200mV 0C Model Minimum Pulse Width: 'clk'                                                                          ;
+--------+--------------+----------------+------------------+-------+------------+-----------------------------------------+
; Slack  ; Actual Width ; Required Width ; Type             ; Clock ; Clock Edge ; Target                                  ;
+--------+--------------+----------------+------------------+-------+------------+-----------------------------------------+
; -3.000 ; 1.000        ; 4.000          ; Port Rate        ; clk   ; Rise       ; clk                                     ;
; -1.000 ; 1.000        ; 2.000          ; Min Period       ; clk   ; Rise       ; contador_10:contador_minutos|cuenta[0]  ;
; -1.000 ; 1.000        ; 2.000          ; Min Period       ; clk   ; Rise       ; contador_10:contador_minutos|cuenta[1]  ;
; -1.000 ; 1.000        ; 2.000          ; Min Period       ; clk   ; Rise       ; contador_10:contador_minutos|cuenta[2]  ;
; -1.000 ; 1.000        ; 2.000          ; Min Period       ; clk   ; Rise       ; contador_10:contador_minutos|cuenta[3]  ;
; -1.000 ; 1.000        ; 2.000          ; Min Period       ; clk   ; Rise       ; contador_10:contador_unidades|cuenta[0] ;
; -1.000 ; 1.000        ; 2.000          ; Min Period       ; clk   ; Rise       ; contador_10:contador_unidades|cuenta[1] ;
; -1.000 ; 1.000        ; 2.000          ; Min Period       ; clk   ; Rise       ; contador_10:contador_unidades|cuenta[2] ;
; -1.000 ; 1.000        ; 2.000          ; Min Period       ; clk   ; Rise       ; contador_10:contador_unidades|cuenta[3] ;
; -1.000 ; 1.000        ; 2.000          ; Min Period       ; clk   ; Rise       ; contador_6:contador_decenas|cuenta[0]   ;
; -1.000 ; 1.000        ; 2.000          ; Min Period       ; clk   ; Rise       ; contador_6:contador_decenas|cuenta[1]   ;
; -1.000 ; 1.000        ; 2.000          ; Min Period       ; clk   ; Rise       ; contador_6:contador_decenas|cuenta[2]   ;
; -1.000 ; 1.000        ; 2.000          ; Min Period       ; clk   ; Rise       ; contador_6:contador_decenas|cuenta[3]   ;
; -1.000 ; 1.000        ; 2.000          ; Min Period       ; clk   ; Rise       ; running                                 ;
; 0.182  ; 0.366        ; 0.184          ; Low Pulse Width  ; clk   ; Rise       ; contador_10:contador_minutos|cuenta[0]  ;
; 0.182  ; 0.366        ; 0.184          ; Low Pulse Width  ; clk   ; Rise       ; contador_10:contador_minutos|cuenta[1]  ;
; 0.182  ; 0.366        ; 0.184          ; Low Pulse Width  ; clk   ; Rise       ; contador_10:contador_minutos|cuenta[2]  ;
; 0.182  ; 0.366        ; 0.184          ; Low Pulse Width  ; clk   ; Rise       ; contador_10:contador_minutos|cuenta[3]  ;
; 0.182  ; 0.366        ; 0.184          ; Low Pulse Width  ; clk   ; Rise       ; contador_10:contador_unidades|cuenta[0] ;
; 0.182  ; 0.366        ; 0.184          ; Low Pulse Width  ; clk   ; Rise       ; contador_10:contador_unidades|cuenta[1] ;
; 0.182  ; 0.366        ; 0.184          ; Low Pulse Width  ; clk   ; Rise       ; contador_10:contador_unidades|cuenta[2] ;
; 0.182  ; 0.366        ; 0.184          ; Low Pulse Width  ; clk   ; Rise       ; contador_10:contador_unidades|cuenta[3] ;
; 0.182  ; 0.366        ; 0.184          ; Low Pulse Width  ; clk   ; Rise       ; contador_6:contador_decenas|cuenta[0]   ;
; 0.182  ; 0.366        ; 0.184          ; Low Pulse Width  ; clk   ; Rise       ; contador_6:contador_decenas|cuenta[1]   ;
; 0.182  ; 0.366        ; 0.184          ; Low Pulse Width  ; clk   ; Rise       ; contador_6:contador_decenas|cuenta[2]   ;
; 0.182  ; 0.366        ; 0.184          ; Low Pulse Width  ; clk   ; Rise       ; contador_6:contador_decenas|cuenta[3]   ;
; 0.182  ; 0.366        ; 0.184          ; Low Pulse Width  ; clk   ; Rise       ; running                                 ;
; 0.339  ; 0.339        ; 0.000          ; Low Pulse Width  ; clk   ; Rise       ; clk~input|o                             ;
; 0.342  ; 0.342        ; 0.000          ; Low Pulse Width  ; clk   ; Rise       ; contador_decenas|cuenta[0]|clk          ;
; 0.342  ; 0.342        ; 0.000          ; Low Pulse Width  ; clk   ; Rise       ; contador_decenas|cuenta[1]|clk          ;
; 0.342  ; 0.342        ; 0.000          ; Low Pulse Width  ; clk   ; Rise       ; contador_decenas|cuenta[2]|clk          ;
; 0.342  ; 0.342        ; 0.000          ; Low Pulse Width  ; clk   ; Rise       ; contador_decenas|cuenta[3]|clk          ;
; 0.342  ; 0.342        ; 0.000          ; Low Pulse Width  ; clk   ; Rise       ; contador_minutos|cuenta[0]|clk          ;
; 0.342  ; 0.342        ; 0.000          ; Low Pulse Width  ; clk   ; Rise       ; contador_minutos|cuenta[1]|clk          ;
; 0.342  ; 0.342        ; 0.000          ; Low Pulse Width  ; clk   ; Rise       ; contador_minutos|cuenta[2]|clk          ;
; 0.342  ; 0.342        ; 0.000          ; Low Pulse Width  ; clk   ; Rise       ; contador_minutos|cuenta[3]|clk          ;
; 0.342  ; 0.342        ; 0.000          ; Low Pulse Width  ; clk   ; Rise       ; contador_unidades|cuenta[0]|clk         ;
; 0.342  ; 0.342        ; 0.000          ; Low Pulse Width  ; clk   ; Rise       ; contador_unidades|cuenta[1]|clk         ;
; 0.342  ; 0.342        ; 0.000          ; Low Pulse Width  ; clk   ; Rise       ; contador_unidades|cuenta[2]|clk         ;
; 0.342  ; 0.342        ; 0.000          ; Low Pulse Width  ; clk   ; Rise       ; contador_unidades|cuenta[3]|clk         ;
; 0.342  ; 0.342        ; 0.000          ; Low Pulse Width  ; clk   ; Rise       ; running|clk                             ;
; 0.348  ; 0.348        ; 0.000          ; Low Pulse Width  ; clk   ; Rise       ; clk~inputclkctrl|inclk[0]               ;
; 0.348  ; 0.348        ; 0.000          ; Low Pulse Width  ; clk   ; Rise       ; clk~inputclkctrl|outclk                 ;
; 0.417  ; 0.633        ; 0.216          ; High Pulse Width ; clk   ; Rise       ; contador_10:contador_minutos|cuenta[0]  ;
; 0.417  ; 0.633        ; 0.216          ; High Pulse Width ; clk   ; Rise       ; contador_10:contador_minutos|cuenta[1]  ;
; 0.417  ; 0.633        ; 0.216          ; High Pulse Width ; clk   ; Rise       ; contador_10:contador_minutos|cuenta[2]  ;
; 0.417  ; 0.633        ; 0.216          ; High Pulse Width ; clk   ; Rise       ; contador_10:contador_minutos|cuenta[3]  ;
; 0.417  ; 0.633        ; 0.216          ; High Pulse Width ; clk   ; Rise       ; contador_10:contador_unidades|cuenta[0] ;
; 0.417  ; 0.633        ; 0.216          ; High Pulse Width ; clk   ; Rise       ; contador_10:contador_unidades|cuenta[1] ;
; 0.417  ; 0.633        ; 0.216          ; High Pulse Width ; clk   ; Rise       ; contador_10:contador_unidades|cuenta[2] ;
; 0.417  ; 0.633        ; 0.216          ; High Pulse Width ; clk   ; Rise       ; contador_10:contador_unidades|cuenta[3] ;
; 0.417  ; 0.633        ; 0.216          ; High Pulse Width ; clk   ; Rise       ; contador_6:contador_decenas|cuenta[0]   ;
; 0.417  ; 0.633        ; 0.216          ; High Pulse Width ; clk   ; Rise       ; contador_6:contador_decenas|cuenta[1]   ;
; 0.417  ; 0.633        ; 0.216          ; High Pulse Width ; clk   ; Rise       ; contador_6:contador_decenas|cuenta[2]   ;
; 0.417  ; 0.633        ; 0.216          ; High Pulse Width ; clk   ; Rise       ; contador_6:contador_decenas|cuenta[3]   ;
; 0.417  ; 0.633        ; 0.216          ; High Pulse Width ; clk   ; Rise       ; running                                 ;
; 0.500  ; 0.500        ; 0.000          ; High Pulse Width ; clk   ; Rise       ; clk~input|i                             ;
; 0.500  ; 0.500        ; 0.000          ; Low Pulse Width  ; clk   ; Rise       ; clk~input|i                             ;
; 0.651  ; 0.651        ; 0.000          ; High Pulse Width ; clk   ; Rise       ; clk~inputclkctrl|inclk[0]               ;
; 0.651  ; 0.651        ; 0.000          ; High Pulse Width ; clk   ; Rise       ; clk~inputclkctrl|outclk                 ;
; 0.657  ; 0.657        ; 0.000          ; High Pulse Width ; clk   ; Rise       ; contador_decenas|cuenta[0]|clk          ;
; 0.657  ; 0.657        ; 0.000          ; High Pulse Width ; clk   ; Rise       ; contador_decenas|cuenta[1]|clk          ;
; 0.657  ; 0.657        ; 0.000          ; High Pulse Width ; clk   ; Rise       ; contador_decenas|cuenta[2]|clk          ;
; 0.657  ; 0.657        ; 0.000          ; High Pulse Width ; clk   ; Rise       ; contador_decenas|cuenta[3]|clk          ;
; 0.657  ; 0.657        ; 0.000          ; High Pulse Width ; clk   ; Rise       ; contador_minutos|cuenta[0]|clk          ;
; 0.657  ; 0.657        ; 0.000          ; High Pulse Width ; clk   ; Rise       ; contador_minutos|cuenta[1]|clk          ;
; 0.657  ; 0.657        ; 0.000          ; High Pulse Width ; clk   ; Rise       ; contador_minutos|cuenta[2]|clk          ;
; 0.657  ; 0.657        ; 0.000          ; High Pulse Width ; clk   ; Rise       ; contador_minutos|cuenta[3]|clk          ;
; 0.657  ; 0.657        ; 0.000          ; High Pulse Width ; clk   ; Rise       ; contador_unidades|cuenta[0]|clk         ;
; 0.657  ; 0.657        ; 0.000          ; High Pulse Width ; clk   ; Rise       ; contador_unidades|cuenta[1]|clk         ;
; 0.657  ; 0.657        ; 0.000          ; High Pulse Width ; clk   ; Rise       ; contador_unidades|cuenta[2]|clk         ;
; 0.657  ; 0.657        ; 0.000          ; High Pulse Width ; clk   ; Rise       ; contador_unidades|cuenta[3]|clk         ;
; 0.657  ; 0.657        ; 0.000          ; High Pulse Width ; clk   ; Rise       ; running|clk                             ;
; 0.661  ; 0.661        ; 0.000          ; High Pulse Width ; clk   ; Rise       ; clk~input|o                             ;
+--------+--------------+----------------+------------------+-------+------------+-----------------------------------------+


+-----------------------------------------------------------------------+
; Setup Times                                                           ;
+-----------+------------+-------+-------+------------+-----------------+
; Data Port ; Clock Port ; Rise  ; Fall  ; Clock Edge ; Clock Reference ;
+-----------+------------+-------+-------+------------+-----------------+
; start     ; clk        ; 1.587 ; 1.953 ; Rise       ; clk             ;
; stop      ; clk        ; 1.327 ; 1.664 ; Rise       ; clk             ;
+-----------+------------+-------+-------+------------+-----------------+


+-------------------------------------------------------------------------+
; Hold Times                                                              ;
+-----------+------------+--------+--------+------------+-----------------+
; Data Port ; Clock Port ; Rise   ; Fall   ; Clock Edge ; Clock Reference ;
+-----------+------------+--------+--------+------------+-----------------+
; start     ; clk        ; -1.191 ; -1.525 ; Rise       ; clk             ;
; stop      ; clk        ; -0.993 ; -1.329 ; Rise       ; clk             ;
+-----------+------------+--------+--------+------------+-----------------+


+-------------------------------------------------------------------------+
; Clock to Output Times                                                   ;
+-------------+------------+-------+-------+------------+-----------------+
; Data Port   ; Clock Port ; Rise  ; Fall  ; Clock Edge ; Clock Reference ;
+-------------+------------+-------+-------+------------+-----------------+
; ssd_dec[*]  ; clk        ; 6.477 ; 6.533 ; Rise       ; clk             ;
;  ssd_dec[0] ; clk        ; 6.103 ; 6.049 ; Rise       ; clk             ;
;  ssd_dec[1] ; clk        ; 6.477 ; 6.472 ; Rise       ; clk             ;
;  ssd_dec[2] ; clk        ; 6.175 ; 6.233 ; Rise       ; clk             ;
;  ssd_dec[3] ; clk        ; 6.155 ; 6.214 ; Rise       ; clk             ;
;  ssd_dec[4] ; clk        ; 6.168 ; 6.177 ; Rise       ; clk             ;
;  ssd_dec[5] ; clk        ; 6.299 ; 6.332 ; Rise       ; clk             ;
;  ssd_dec[6] ; clk        ; 6.469 ; 6.533 ; Rise       ; clk             ;
; ssd_min[*]  ; clk        ; 7.310 ; 7.327 ; Rise       ; clk             ;
;  ssd_min[0] ; clk        ; 7.246 ; 7.327 ; Rise       ; clk             ;
;  ssd_min[1] ; clk        ; 7.310 ; 7.127 ; Rise       ; clk             ;
;  ssd_min[2] ; clk        ; 6.042 ; 6.029 ; Rise       ; clk             ;
;  ssd_min[3] ; clk        ; 5.972 ; 6.032 ; Rise       ; clk             ;
;  ssd_min[4] ; clk        ; 5.771 ; 5.838 ; Rise       ; clk             ;
;  ssd_min[5] ; clk        ; 6.007 ; 6.031 ; Rise       ; clk             ;
;  ssd_min[6] ; clk        ; 6.000 ; 6.049 ; Rise       ; clk             ;
; ssd_uni[*]  ; clk        ; 6.317 ; 6.374 ; Rise       ; clk             ;
;  ssd_uni[0] ; clk        ; 6.214 ; 6.160 ; Rise       ; clk             ;
;  ssd_uni[1] ; clk        ; 6.230 ; 6.322 ; Rise       ; clk             ;
;  ssd_uni[2] ; clk        ; 6.260 ; 6.274 ; Rise       ; clk             ;
;  ssd_uni[3] ; clk        ; 6.266 ; 6.327 ; Rise       ; clk             ;
;  ssd_uni[4] ; clk        ; 6.306 ; 6.275 ; Rise       ; clk             ;
;  ssd_uni[5] ; clk        ; 6.256 ; 6.262 ; Rise       ; clk             ;
;  ssd_uni[6] ; clk        ; 6.317 ; 6.374 ; Rise       ; clk             ;
+-------------+------------+-------+-------+------------+-----------------+


+-------------------------------------------------------------------------+
; Minimum Clock to Output Times                                           ;
+-------------+------------+-------+-------+------------+-----------------+
; Data Port   ; Clock Port ; Rise  ; Fall  ; Clock Edge ; Clock Reference ;
+-------------+------------+-------+-------+------------+-----------------+
; ssd_dec[*]  ; clk        ; 5.632 ; 5.534 ; Rise       ; clk             ;
;  ssd_dec[0] ; clk        ; 5.632 ; 5.534 ; Rise       ; clk             ;
;  ssd_dec[1] ; clk        ; 5.965 ; 5.975 ; Rise       ; clk             ;
;  ssd_dec[2] ; clk        ; 5.673 ; 5.692 ; Rise       ; clk             ;
;  ssd_dec[3] ; clk        ; 5.639 ; 5.684 ; Rise       ; clk             ;
;  ssd_dec[4] ; clk        ; 5.645 ; 5.715 ; Rise       ; clk             ;
;  ssd_dec[5] ; clk        ; 5.744 ; 5.817 ; Rise       ; clk             ;
;  ssd_dec[6] ; clk        ; 5.934 ; 5.976 ; Rise       ; clk             ;
; ssd_min[*]  ; clk        ; 5.313 ; 5.372 ; Rise       ; clk             ;
;  ssd_min[0] ; clk        ; 6.789 ; 6.852 ; Rise       ; clk             ;
;  ssd_min[1] ; clk        ; 6.843 ; 6.770 ; Rise       ; clk             ;
;  ssd_min[2] ; clk        ; 5.639 ; 5.629 ; Rise       ; clk             ;
;  ssd_min[3] ; clk        ; 5.517 ; 5.567 ; Rise       ; clk             ;
;  ssd_min[4] ; clk        ; 5.313 ; 5.372 ; Rise       ; clk             ;
;  ssd_min[5] ; clk        ; 5.618 ; 5.611 ; Rise       ; clk             ;
;  ssd_min[6] ; clk        ; 5.553 ; 5.592 ; Rise       ; clk             ;
; ssd_uni[*]  ; clk        ; 5.638 ; 5.568 ; Rise       ; clk             ;
;  ssd_uni[0] ; clk        ; 5.638 ; 5.568 ; Rise       ; clk             ;
;  ssd_uni[1] ; clk        ; 5.684 ; 5.736 ; Rise       ; clk             ;
;  ssd_uni[2] ; clk        ; 5.753 ; 5.768 ; Rise       ; clk             ;
;  ssd_uni[3] ; clk        ; 5.703 ; 5.753 ; Rise       ; clk             ;
;  ssd_uni[4] ; clk        ; 5.742 ; 5.787 ; Rise       ; clk             ;
;  ssd_uni[5] ; clk        ; 5.720 ; 5.757 ; Rise       ; clk             ;
;  ssd_uni[6] ; clk        ; 5.744 ; 5.790 ; Rise       ; clk             ;
+-------------+------------+-------+-------+------------+-----------------+


---------------------------------------------
; Slow 1200mV 0C Model Metastability Report ;
---------------------------------------------
No synchronizer chains to report.


+------------------------------------+
; Fast 1200mV 0C Model Setup Summary ;
+-------+--------+-------------------+
; Clock ; Slack  ; End Point TNS     ;
+-------+--------+-------------------+
; clk   ; -0.314 ; -1.663            ;
+-------+--------+-------------------+


+-----------------------------------+
; Fast 1200mV 0C Model Hold Summary ;
+-------+-------+-------------------+
; Clock ; Slack ; End Point TNS     ;
+-------+-------+-------------------+
; clk   ; 0.187 ; 0.000             ;
+-------+-------+-------------------+


-----------------------------------------
; Fast 1200mV 0C Model Recovery Summary ;
-----------------------------------------
No paths to report.


----------------------------------------
; Fast 1200mV 0C Model Removal Summary ;
----------------------------------------
No paths to report.


+--------------------------------------------------+
; Fast 1200mV 0C Model Minimum Pulse Width Summary ;
+-------+--------+---------------------------------+
; Clock ; Slack  ; End Point TNS                   ;
+-------+--------+---------------------------------+
; clk   ; -3.000 ; -16.715                         ;
+-------+--------+---------------------------------+


+------------------------------------------------------------------------------------------------------------------------------------------------------------------+
; Fast 1200mV 0C Model Setup: 'clk'                                                                                                                                ;
+--------+-----------------------------------------+-----------------------------------------+--------------+-------------+--------------+------------+------------+
; Slack  ; From Node                               ; To Node                                 ; Launch Clock ; Latch Clock ; Relationship ; Clock Skew ; Data Delay ;
+--------+-----------------------------------------+-----------------------------------------+--------------+-------------+--------------+------------+------------+
; -0.314 ; contador_10:contador_unidades|cuenta[1] ; contador_10:contador_minutos|cuenta[3]  ; clk          ; clk         ; 1.000        ; -0.035     ; 1.266      ;
; -0.314 ; contador_10:contador_unidades|cuenta[1] ; contador_10:contador_minutos|cuenta[1]  ; clk          ; clk         ; 1.000        ; -0.035     ; 1.266      ;
; -0.314 ; contador_10:contador_unidades|cuenta[1] ; contador_10:contador_minutos|cuenta[0]  ; clk          ; clk         ; 1.000        ; -0.035     ; 1.266      ;
; -0.302 ; contador_10:contador_unidades|cuenta[2] ; contador_10:contador_minutos|cuenta[3]  ; clk          ; clk         ; 1.000        ; -0.035     ; 1.254      ;
; -0.302 ; contador_10:contador_unidades|cuenta[2] ; contador_10:contador_minutos|cuenta[1]  ; clk          ; clk         ; 1.000        ; -0.035     ; 1.254      ;
; -0.302 ; contador_10:contador_unidades|cuenta[2] ; contador_10:contador_minutos|cuenta[0]  ; clk          ; clk         ; 1.000        ; -0.035     ; 1.254      ;
; -0.281 ; contador_10:contador_unidades|cuenta[3] ; contador_10:contador_minutos|cuenta[3]  ; clk          ; clk         ; 1.000        ; -0.035     ; 1.233      ;
; -0.281 ; contador_10:contador_unidades|cuenta[3] ; contador_10:contador_minutos|cuenta[1]  ; clk          ; clk         ; 1.000        ; -0.035     ; 1.233      ;
; -0.281 ; contador_10:contador_unidades|cuenta[3] ; contador_10:contador_minutos|cuenta[0]  ; clk          ; clk         ; 1.000        ; -0.035     ; 1.233      ;
; -0.263 ; contador_6:contador_decenas|cuenta[1]   ; contador_10:contador_minutos|cuenta[3]  ; clk          ; clk         ; 1.000        ; -0.035     ; 1.215      ;
; -0.263 ; contador_6:contador_decenas|cuenta[1]   ; contador_10:contador_minutos|cuenta[1]  ; clk          ; clk         ; 1.000        ; -0.035     ; 1.215      ;
; -0.263 ; contador_6:contador_decenas|cuenta[1]   ; contador_10:contador_minutos|cuenta[0]  ; clk          ; clk         ; 1.000        ; -0.035     ; 1.215      ;
; -0.263 ; contador_6:contador_decenas|cuenta[3]   ; contador_10:contador_minutos|cuenta[3]  ; clk          ; clk         ; 1.000        ; -0.035     ; 1.215      ;
; -0.263 ; contador_6:contador_decenas|cuenta[3]   ; contador_10:contador_minutos|cuenta[1]  ; clk          ; clk         ; 1.000        ; -0.035     ; 1.215      ;
; -0.263 ; contador_6:contador_decenas|cuenta[3]   ; contador_10:contador_minutos|cuenta[0]  ; clk          ; clk         ; 1.000        ; -0.035     ; 1.215      ;
; -0.245 ; contador_6:contador_decenas|cuenta[2]   ; contador_10:contador_minutos|cuenta[3]  ; clk          ; clk         ; 1.000        ; -0.035     ; 1.197      ;
; -0.245 ; contador_6:contador_decenas|cuenta[2]   ; contador_10:contador_minutos|cuenta[1]  ; clk          ; clk         ; 1.000        ; -0.035     ; 1.197      ;
; -0.245 ; contador_6:contador_decenas|cuenta[2]   ; contador_10:contador_minutos|cuenta[0]  ; clk          ; clk         ; 1.000        ; -0.035     ; 1.197      ;
; -0.209 ; contador_10:contador_unidades|cuenta[1] ; contador_6:contador_decenas|cuenta[1]   ; clk          ; clk         ; 1.000        ; -0.035     ; 1.161      ;
; -0.209 ; contador_10:contador_unidades|cuenta[1] ; contador_6:contador_decenas|cuenta[2]   ; clk          ; clk         ; 1.000        ; -0.035     ; 1.161      ;
; -0.209 ; contador_10:contador_unidades|cuenta[1] ; contador_6:contador_decenas|cuenta[0]   ; clk          ; clk         ; 1.000        ; -0.035     ; 1.161      ;
; -0.207 ; contador_10:contador_unidades|cuenta[0] ; contador_10:contador_minutos|cuenta[3]  ; clk          ; clk         ; 1.000        ; -0.035     ; 1.159      ;
; -0.207 ; contador_10:contador_unidades|cuenta[0] ; contador_10:contador_minutos|cuenta[1]  ; clk          ; clk         ; 1.000        ; -0.035     ; 1.159      ;
; -0.207 ; contador_10:contador_unidades|cuenta[0] ; contador_10:contador_minutos|cuenta[0]  ; clk          ; clk         ; 1.000        ; -0.035     ; 1.159      ;
; -0.197 ; contador_10:contador_unidades|cuenta[2] ; contador_6:contador_decenas|cuenta[1]   ; clk          ; clk         ; 1.000        ; -0.035     ; 1.149      ;
; -0.197 ; contador_10:contador_unidades|cuenta[2] ; contador_6:contador_decenas|cuenta[2]   ; clk          ; clk         ; 1.000        ; -0.035     ; 1.149      ;
; -0.197 ; contador_10:contador_unidades|cuenta[2] ; contador_6:contador_decenas|cuenta[0]   ; clk          ; clk         ; 1.000        ; -0.035     ; 1.149      ;
; -0.168 ; contador_6:contador_decenas|cuenta[0]   ; contador_10:contador_minutos|cuenta[3]  ; clk          ; clk         ; 1.000        ; -0.035     ; 1.120      ;
; -0.168 ; contador_6:contador_decenas|cuenta[0]   ; contador_10:contador_minutos|cuenta[1]  ; clk          ; clk         ; 1.000        ; -0.035     ; 1.120      ;
; -0.168 ; contador_6:contador_decenas|cuenta[0]   ; contador_10:contador_minutos|cuenta[0]  ; clk          ; clk         ; 1.000        ; -0.035     ; 1.120      ;
; -0.168 ; contador_10:contador_unidades|cuenta[3] ; contador_6:contador_decenas|cuenta[1]   ; clk          ; clk         ; 1.000        ; -0.035     ; 1.120      ;
; -0.168 ; contador_10:contador_unidades|cuenta[3] ; contador_6:contador_decenas|cuenta[2]   ; clk          ; clk         ; 1.000        ; -0.035     ; 1.120      ;
; -0.168 ; contador_10:contador_unidades|cuenta[3] ; contador_6:contador_decenas|cuenta[0]   ; clk          ; clk         ; 1.000        ; -0.035     ; 1.120      ;
; -0.094 ; contador_10:contador_unidades|cuenta[1] ; contador_10:contador_minutos|cuenta[2]  ; clk          ; clk         ; 1.000        ; -0.035     ; 1.046      ;
; -0.094 ; contador_10:contador_unidades|cuenta[0] ; contador_6:contador_decenas|cuenta[1]   ; clk          ; clk         ; 1.000        ; -0.035     ; 1.046      ;
; -0.094 ; contador_10:contador_unidades|cuenta[0] ; contador_6:contador_decenas|cuenta[2]   ; clk          ; clk         ; 1.000        ; -0.035     ; 1.046      ;
; -0.094 ; contador_10:contador_unidades|cuenta[0] ; contador_6:contador_decenas|cuenta[0]   ; clk          ; clk         ; 1.000        ; -0.035     ; 1.046      ;
; -0.082 ; contador_10:contador_unidades|cuenta[2] ; contador_10:contador_minutos|cuenta[2]  ; clk          ; clk         ; 1.000        ; -0.035     ; 1.034      ;
; -0.081 ; running                                 ; contador_6:contador_decenas|cuenta[1]   ; clk          ; clk         ; 1.000        ; -0.035     ; 1.033      ;
; -0.081 ; running                                 ; contador_6:contador_decenas|cuenta[2]   ; clk          ; clk         ; 1.000        ; -0.035     ; 1.033      ;
; -0.081 ; running                                 ; contador_6:contador_decenas|cuenta[0]   ; clk          ; clk         ; 1.000        ; -0.035     ; 1.033      ;
; -0.074 ; contador_10:contador_unidades|cuenta[3] ; contador_10:contador_minutos|cuenta[2]  ; clk          ; clk         ; 1.000        ; -0.035     ; 1.026      ;
; -0.045 ; running                                 ; contador_10:contador_minutos|cuenta[3]  ; clk          ; clk         ; 1.000        ; -0.035     ; 0.997      ;
; -0.045 ; running                                 ; contador_10:contador_minutos|cuenta[1]  ; clk          ; clk         ; 1.000        ; -0.035     ; 0.997      ;
; -0.045 ; running                                 ; contador_10:contador_minutos|cuenta[0]  ; clk          ; clk         ; 1.000        ; -0.035     ; 0.997      ;
; -0.043 ; contador_6:contador_decenas|cuenta[1]   ; contador_10:contador_minutos|cuenta[2]  ; clk          ; clk         ; 1.000        ; -0.035     ; 0.995      ;
; -0.043 ; contador_6:contador_decenas|cuenta[3]   ; contador_10:contador_minutos|cuenta[2]  ; clk          ; clk         ; 1.000        ; -0.035     ; 0.995      ;
; -0.038 ; contador_6:contador_decenas|cuenta[2]   ; contador_10:contador_minutos|cuenta[2]  ; clk          ; clk         ; 1.000        ; -0.035     ; 0.990      ;
; 0.000  ; contador_10:contador_unidades|cuenta[0] ; contador_10:contador_minutos|cuenta[2]  ; clk          ; clk         ; 1.000        ; -0.035     ; 0.952      ;
; 0.039  ; contador_6:contador_decenas|cuenta[0]   ; contador_10:contador_minutos|cuenta[2]  ; clk          ; clk         ; 1.000        ; -0.035     ; 0.913      ;
; 0.098  ; contador_6:contador_decenas|cuenta[2]   ; contador_6:contador_decenas|cuenta[3]   ; clk          ; clk         ; 1.000        ; -0.035     ; 0.854      ;
; 0.110  ; contador_6:contador_decenas|cuenta[1]   ; contador_6:contador_decenas|cuenta[3]   ; clk          ; clk         ; 1.000        ; -0.035     ; 0.842      ;
; 0.139  ; contador_6:contador_decenas|cuenta[1]   ; contador_6:contador_decenas|cuenta[2]   ; clk          ; clk         ; 1.000        ; -0.035     ; 0.813      ;
; 0.162  ; running                                 ; contador_10:contador_minutos|cuenta[2]  ; clk          ; clk         ; 1.000        ; -0.035     ; 0.790      ;
; 0.165  ; contador_10:contador_unidades|cuenta[3] ; contador_10:contador_unidades|cuenta[1] ; clk          ; clk         ; 1.000        ; -0.036     ; 0.786      ;
; 0.172  ; contador_10:contador_unidades|cuenta[1] ; contador_6:contador_decenas|cuenta[3]   ; clk          ; clk         ; 1.000        ; -0.035     ; 0.780      ;
; 0.173  ; contador_10:contador_unidades|cuenta[1] ; contador_10:contador_unidades|cuenta[3] ; clk          ; clk         ; 1.000        ; -0.036     ; 0.778      ;
; 0.180  ; contador_6:contador_decenas|cuenta[2]   ; contador_6:contador_decenas|cuenta[1]   ; clk          ; clk         ; 1.000        ; -0.035     ; 0.772      ;
; 0.184  ; contador_10:contador_unidades|cuenta[2] ; contador_6:contador_decenas|cuenta[3]   ; clk          ; clk         ; 1.000        ; -0.035     ; 0.768      ;
; 0.216  ; contador_10:contador_unidades|cuenta[3] ; contador_6:contador_decenas|cuenta[3]   ; clk          ; clk         ; 1.000        ; -0.035     ; 0.736      ;
; 0.241  ; running                                 ; contador_10:contador_unidades|cuenta[3] ; clk          ; clk         ; 1.000        ; -0.036     ; 0.710      ;
; 0.241  ; running                                 ; contador_10:contador_unidades|cuenta[1] ; clk          ; clk         ; 1.000        ; -0.036     ; 0.710      ;
; 0.241  ; running                                 ; contador_10:contador_unidades|cuenta[0] ; clk          ; clk         ; 1.000        ; -0.036     ; 0.710      ;
; 0.249  ; contador_6:contador_decenas|cuenta[0]   ; contador_6:contador_decenas|cuenta[3]   ; clk          ; clk         ; 1.000        ; -0.035     ; 0.703      ;
; 0.259  ; contador_10:contador_unidades|cuenta[0] ; contador_10:contador_unidades|cuenta[1] ; clk          ; clk         ; 1.000        ; -0.036     ; 0.692      ;
; 0.286  ; contador_10:contador_unidades|cuenta[0] ; contador_10:contador_unidades|cuenta[3] ; clk          ; clk         ; 1.000        ; -0.036     ; 0.665      ;
; 0.290  ; contador_10:contador_unidades|cuenta[0] ; contador_6:contador_decenas|cuenta[3]   ; clk          ; clk         ; 1.000        ; -0.035     ; 0.662      ;
; 0.316  ; running                                 ; contador_10:contador_unidades|cuenta[2] ; clk          ; clk         ; 1.000        ; -0.036     ; 0.635      ;
; 0.318  ; contador_6:contador_decenas|cuenta[0]   ; contador_6:contador_decenas|cuenta[2]   ; clk          ; clk         ; 1.000        ; -0.035     ; 0.634      ;
; 0.322  ; contador_6:contador_decenas|cuenta[0]   ; contador_6:contador_decenas|cuenta[1]   ; clk          ; clk         ; 1.000        ; -0.035     ; 0.630      ;
; 0.339  ; contador_10:contador_unidades|cuenta[1] ; contador_10:contador_unidades|cuenta[2] ; clk          ; clk         ; 1.000        ; -0.036     ; 0.612      ;
; 0.344  ; running                                 ; contador_6:contador_decenas|cuenta[3]   ; clk          ; clk         ; 1.000        ; -0.035     ; 0.608      ;
; 0.360  ; contador_10:contador_minutos|cuenta[0]  ; contador_10:contador_minutos|cuenta[1]  ; clk          ; clk         ; 1.000        ; -0.036     ; 0.591      ;
; 0.362  ; contador_10:contador_minutos|cuenta[1]  ; contador_10:contador_minutos|cuenta[3]  ; clk          ; clk         ; 1.000        ; -0.036     ; 0.589      ;
; 0.369  ; contador_10:contador_minutos|cuenta[3]  ; contador_10:contador_minutos|cuenta[1]  ; clk          ; clk         ; 1.000        ; -0.036     ; 0.582      ;
; 0.370  ; contador_10:contador_unidades|cuenta[0] ; contador_10:contador_unidades|cuenta[2] ; clk          ; clk         ; 1.000        ; -0.036     ; 0.581      ;
; 0.376  ; contador_10:contador_minutos|cuenta[1]  ; contador_10:contador_minutos|cuenta[2]  ; clk          ; clk         ; 1.000        ; -0.036     ; 0.575      ;
; 0.376  ; contador_10:contador_minutos|cuenta[0]  ; contador_10:contador_minutos|cuenta[2]  ; clk          ; clk         ; 1.000        ; -0.036     ; 0.575      ;
; 0.380  ; contador_10:contador_minutos|cuenta[0]  ; contador_10:contador_minutos|cuenta[3]  ; clk          ; clk         ; 1.000        ; -0.036     ; 0.571      ;
; 0.419  ; contador_6:contador_decenas|cuenta[3]   ; contador_6:contador_decenas|cuenta[1]   ; clk          ; clk         ; 1.000        ; -0.035     ; 0.533      ;
; 0.434  ; contador_10:contador_unidades|cuenta[2] ; contador_10:contador_unidades|cuenta[1] ; clk          ; clk         ; 1.000        ; -0.036     ; 0.517      ;
; 0.436  ; contador_6:contador_decenas|cuenta[3]   ; contador_6:contador_decenas|cuenta[2]   ; clk          ; clk         ; 1.000        ; -0.035     ; 0.516      ;
; 0.440  ; contador_10:contador_unidades|cuenta[2] ; contador_10:contador_unidades|cuenta[3] ; clk          ; clk         ; 1.000        ; -0.036     ; 0.511      ;
; 0.531  ; contador_10:contador_minutos|cuenta[2]  ; contador_10:contador_minutos|cuenta[3]  ; clk          ; clk         ; 1.000        ; -0.036     ; 0.420      ;
; 0.532  ; contador_10:contador_minutos|cuenta[2]  ; contador_10:contador_minutos|cuenta[1]  ; clk          ; clk         ; 1.000        ; -0.036     ; 0.419      ;
; 0.592  ; contador_10:contador_minutos|cuenta[0]  ; contador_10:contador_minutos|cuenta[0]  ; clk          ; clk         ; 1.000        ; -0.036     ; 0.359      ;
; 0.592  ; contador_10:contador_unidades|cuenta[0] ; contador_10:contador_unidades|cuenta[0] ; clk          ; clk         ; 1.000        ; -0.036     ; 0.359      ;
; 0.592  ; contador_10:contador_minutos|cuenta[2]  ; contador_10:contador_minutos|cuenta[2]  ; clk          ; clk         ; 1.000        ; -0.036     ; 0.359      ;
; 0.592  ; contador_10:contador_unidades|cuenta[3] ; contador_10:contador_unidades|cuenta[3] ; clk          ; clk         ; 1.000        ; -0.036     ; 0.359      ;
; 0.592  ; contador_10:contador_unidades|cuenta[1] ; contador_10:contador_unidades|cuenta[1] ; clk          ; clk         ; 1.000        ; -0.036     ; 0.359      ;
; 0.592  ; contador_10:contador_unidades|cuenta[2] ; contador_10:contador_unidades|cuenta[2] ; clk          ; clk         ; 1.000        ; -0.036     ; 0.359      ;
; 0.592  ; contador_10:contador_minutos|cuenta[3]  ; contador_10:contador_minutos|cuenta[3]  ; clk          ; clk         ; 1.000        ; -0.036     ; 0.359      ;
; 0.592  ; contador_10:contador_minutos|cuenta[1]  ; contador_10:contador_minutos|cuenta[1]  ; clk          ; clk         ; 1.000        ; -0.036     ; 0.359      ;
; 0.593  ; contador_6:contador_decenas|cuenta[0]   ; contador_6:contador_decenas|cuenta[0]   ; clk          ; clk         ; 1.000        ; -0.035     ; 0.359      ;
; 0.593  ; contador_6:contador_decenas|cuenta[3]   ; contador_6:contador_decenas|cuenta[3]   ; clk          ; clk         ; 1.000        ; -0.035     ; 0.359      ;
; 0.593  ; contador_6:contador_decenas|cuenta[2]   ; contador_6:contador_decenas|cuenta[2]   ; clk          ; clk         ; 1.000        ; -0.035     ; 0.359      ;
; 0.593  ; contador_6:contador_decenas|cuenta[1]   ; contador_6:contador_decenas|cuenta[1]   ; clk          ; clk         ; 1.000        ; -0.035     ; 0.359      ;
; 0.602  ; running                                 ; running                                 ; clk          ; clk         ; 1.000        ; -0.035     ; 0.350      ;
+--------+-----------------------------------------+-----------------------------------------+--------------+-------------+--------------+------------+------------+


+-----------------------------------------------------------------------------------------------------------------------------------------------------------------+
; Fast 1200mV 0C Model Hold: 'clk'                                                                                                                                ;
+-------+-----------------------------------------+-----------------------------------------+--------------+-------------+--------------+------------+------------+
; Slack ; From Node                               ; To Node                                 ; Launch Clock ; Latch Clock ; Relationship ; Clock Skew ; Data Delay ;
+-------+-----------------------------------------+-----------------------------------------+--------------+-------------+--------------+------------+------------+
; 0.187 ; contador_10:contador_minutos|cuenta[3]  ; contador_10:contador_minutos|cuenta[3]  ; clk          ; clk         ; 0.000        ; 0.036      ; 0.307      ;
; 0.187 ; contador_10:contador_minutos|cuenta[1]  ; contador_10:contador_minutos|cuenta[1]  ; clk          ; clk         ; 0.000        ; 0.036      ; 0.307      ;
; 0.187 ; contador_10:contador_minutos|cuenta[2]  ; contador_10:contador_minutos|cuenta[2]  ; clk          ; clk         ; 0.000        ; 0.036      ; 0.307      ;
; 0.187 ; contador_10:contador_unidades|cuenta[3] ; contador_10:contador_unidades|cuenta[3] ; clk          ; clk         ; 0.000        ; 0.036      ; 0.307      ;
; 0.187 ; contador_10:contador_unidades|cuenta[1] ; contador_10:contador_unidades|cuenta[1] ; clk          ; clk         ; 0.000        ; 0.036      ; 0.307      ;
; 0.187 ; contador_10:contador_unidades|cuenta[2] ; contador_10:contador_unidades|cuenta[2] ; clk          ; clk         ; 0.000        ; 0.036      ; 0.307      ;
; 0.188 ; contador_6:contador_decenas|cuenta[1]   ; contador_6:contador_decenas|cuenta[1]   ; clk          ; clk         ; 0.000        ; 0.035      ; 0.307      ;
; 0.188 ; contador_6:contador_decenas|cuenta[3]   ; contador_6:contador_decenas|cuenta[3]   ; clk          ; clk         ; 0.000        ; 0.035      ; 0.307      ;
; 0.188 ; contador_6:contador_decenas|cuenta[2]   ; contador_6:contador_decenas|cuenta[2]   ; clk          ; clk         ; 0.000        ; 0.035      ; 0.307      ;
; 0.188 ; running                                 ; running                                 ; clk          ; clk         ; 0.000        ; 0.035      ; 0.307      ;
; 0.194 ; contador_10:contador_minutos|cuenta[0]  ; contador_10:contador_minutos|cuenta[0]  ; clk          ; clk         ; 0.000        ; 0.036      ; 0.314      ;
; 0.194 ; contador_10:contador_unidades|cuenta[0] ; contador_10:contador_unidades|cuenta[0] ; clk          ; clk         ; 0.000        ; 0.036      ; 0.314      ;
; 0.195 ; contador_6:contador_decenas|cuenta[0]   ; contador_6:contador_decenas|cuenta[0]   ; clk          ; clk         ; 0.000        ; 0.035      ; 0.314      ;
; 0.225 ; contador_10:contador_minutos|cuenta[2]  ; contador_10:contador_minutos|cuenta[3]  ; clk          ; clk         ; 0.000        ; 0.036      ; 0.345      ;
; 0.229 ; contador_10:contador_minutos|cuenta[2]  ; contador_10:contador_minutos|cuenta[1]  ; clk          ; clk         ; 0.000        ; 0.036      ; 0.349      ;
; 0.308 ; contador_10:contador_unidades|cuenta[2] ; contador_10:contador_unidades|cuenta[3] ; clk          ; clk         ; 0.000        ; 0.036      ; 0.428      ;
; 0.313 ; contador_10:contador_unidades|cuenta[2] ; contador_10:contador_unidades|cuenta[1] ; clk          ; clk         ; 0.000        ; 0.036      ; 0.433      ;
; 0.317 ; contador_6:contador_decenas|cuenta[3]   ; contador_6:contador_decenas|cuenta[1]   ; clk          ; clk         ; 0.000        ; 0.035      ; 0.436      ;
; 0.326 ; contador_6:contador_decenas|cuenta[3]   ; contador_6:contador_decenas|cuenta[2]   ; clk          ; clk         ; 0.000        ; 0.035      ; 0.445      ;
; 0.333 ; contador_10:contador_minutos|cuenta[1]  ; contador_10:contador_minutos|cuenta[3]  ; clk          ; clk         ; 0.000        ; 0.036      ; 0.453      ;
; 0.333 ; contador_10:contador_minutos|cuenta[0]  ; contador_10:contador_minutos|cuenta[1]  ; clk          ; clk         ; 0.000        ; 0.036      ; 0.453      ;
; 0.336 ; contador_10:contador_minutos|cuenta[0]  ; contador_10:contador_minutos|cuenta[3]  ; clk          ; clk         ; 0.000        ; 0.036      ; 0.456      ;
; 0.338 ; contador_10:contador_minutos|cuenta[1]  ; contador_10:contador_minutos|cuenta[2]  ; clk          ; clk         ; 0.000        ; 0.036      ; 0.458      ;
; 0.341 ; contador_10:contador_minutos|cuenta[0]  ; contador_10:contador_minutos|cuenta[2]  ; clk          ; clk         ; 0.000        ; 0.036      ; 0.461      ;
; 0.374 ; contador_10:contador_unidades|cuenta[0] ; contador_10:contador_unidades|cuenta[2] ; clk          ; clk         ; 0.000        ; 0.036      ; 0.494      ;
; 0.374 ; contador_10:contador_minutos|cuenta[3]  ; contador_10:contador_minutos|cuenta[1]  ; clk          ; clk         ; 0.000        ; 0.036      ; 0.494      ;
; 0.378 ; running                                 ; contador_6:contador_decenas|cuenta[3]   ; clk          ; clk         ; 0.000        ; 0.035      ; 0.497      ;
; 0.382 ; contador_10:contador_unidades|cuenta[1] ; contador_10:contador_unidades|cuenta[2] ; clk          ; clk         ; 0.000        ; 0.036      ; 0.502      ;
; 0.407 ; running                                 ; contador_10:contador_unidades|cuenta[2] ; clk          ; clk         ; 0.000        ; 0.035      ; 0.526      ;
; 0.412 ; contador_6:contador_decenas|cuenta[0]   ; contador_6:contador_decenas|cuenta[1]   ; clk          ; clk         ; 0.000        ; 0.035      ; 0.531      ;
; 0.415 ; contador_6:contador_decenas|cuenta[0]   ; contador_6:contador_decenas|cuenta[2]   ; clk          ; clk         ; 0.000        ; 0.035      ; 0.534      ;
; 0.420 ; contador_10:contador_unidades|cuenta[0] ; contador_10:contador_unidades|cuenta[3] ; clk          ; clk         ; 0.000        ; 0.036      ; 0.540      ;
; 0.426 ; contador_10:contador_unidades|cuenta[0] ; contador_10:contador_unidades|cuenta[1] ; clk          ; clk         ; 0.000        ; 0.036      ; 0.546      ;
; 0.451 ; contador_10:contador_unidades|cuenta[0] ; contador_6:contador_decenas|cuenta[3]   ; clk          ; clk         ; 0.000        ; 0.036      ; 0.571      ;
; 0.466 ; contador_6:contador_decenas|cuenta[0]   ; contador_6:contador_decenas|cuenta[3]   ; clk          ; clk         ; 0.000        ; 0.035      ; 0.585      ;
; 0.507 ; contador_10:contador_unidades|cuenta[1] ; contador_10:contador_unidades|cuenta[3] ; clk          ; clk         ; 0.000        ; 0.036      ; 0.627      ;
; 0.511 ; contador_10:contador_unidades|cuenta[3] ; contador_6:contador_decenas|cuenta[3]   ; clk          ; clk         ; 0.000        ; 0.036      ; 0.631      ;
; 0.537 ; contador_6:contador_decenas|cuenta[2]   ; contador_6:contador_decenas|cuenta[1]   ; clk          ; clk         ; 0.000        ; 0.035      ; 0.656      ;
; 0.546 ; running                                 ; contador_10:contador_minutos|cuenta[2]  ; clk          ; clk         ; 0.000        ; 0.036      ; 0.666      ;
; 0.558 ; contador_10:contador_unidades|cuenta[3] ; contador_10:contador_unidades|cuenta[1] ; clk          ; clk         ; 0.000        ; 0.036      ; 0.678      ;
; 0.568 ; contador_6:contador_decenas|cuenta[1]   ; contador_6:contador_decenas|cuenta[3]   ; clk          ; clk         ; 0.000        ; 0.035      ; 0.687      ;
; 0.570 ; contador_6:contador_decenas|cuenta[1]   ; contador_6:contador_decenas|cuenta[2]   ; clk          ; clk         ; 0.000        ; 0.035      ; 0.689      ;
; 0.586 ; running                                 ; contador_10:contador_unidades|cuenta[3] ; clk          ; clk         ; 0.000        ; 0.035      ; 0.705      ;
; 0.586 ; running                                 ; contador_10:contador_unidades|cuenta[1] ; clk          ; clk         ; 0.000        ; 0.035      ; 0.705      ;
; 0.586 ; running                                 ; contador_10:contador_unidades|cuenta[0] ; clk          ; clk         ; 0.000        ; 0.035      ; 0.705      ;
; 0.586 ; contador_10:contador_unidades|cuenta[1] ; contador_6:contador_decenas|cuenta[3]   ; clk          ; clk         ; 0.000        ; 0.036      ; 0.706      ;
; 0.586 ; contador_10:contador_unidades|cuenta[2] ; contador_6:contador_decenas|cuenta[3]   ; clk          ; clk         ; 0.000        ; 0.036      ; 0.706      ;
; 0.596 ; contador_6:contador_decenas|cuenta[2]   ; contador_6:contador_decenas|cuenta[3]   ; clk          ; clk         ; 0.000        ; 0.035      ; 0.715      ;
; 0.659 ; contador_6:contador_decenas|cuenta[0]   ; contador_10:contador_minutos|cuenta[2]  ; clk          ; clk         ; 0.000        ; 0.036      ; 0.779      ;
; 0.705 ; contador_10:contador_unidades|cuenta[0] ; contador_10:contador_minutos|cuenta[2]  ; clk          ; clk         ; 0.000        ; 0.037      ; 0.826      ;
; 0.725 ; contador_6:contador_decenas|cuenta[2]   ; contador_10:contador_minutos|cuenta[2]  ; clk          ; clk         ; 0.000        ; 0.036      ; 0.845      ;
; 0.765 ; contador_10:contador_unidades|cuenta[3] ; contador_10:contador_minutos|cuenta[2]  ; clk          ; clk         ; 0.000        ; 0.037      ; 0.886      ;
; 0.822 ; contador_6:contador_decenas|cuenta[1]   ; contador_10:contador_minutos|cuenta[2]  ; clk          ; clk         ; 0.000        ; 0.036      ; 0.942      ;
; 0.824 ; contador_6:contador_decenas|cuenta[3]   ; contador_10:contador_minutos|cuenta[2]  ; clk          ; clk         ; 0.000        ; 0.036      ; 0.944      ;
; 0.832 ; running                                 ; contador_10:contador_minutos|cuenta[3]  ; clk          ; clk         ; 0.000        ; 0.036      ; 0.952      ;
; 0.832 ; running                                 ; contador_10:contador_minutos|cuenta[1]  ; clk          ; clk         ; 0.000        ; 0.036      ; 0.952      ;
; 0.832 ; running                                 ; contador_10:contador_minutos|cuenta[0]  ; clk          ; clk         ; 0.000        ; 0.036      ; 0.952      ;
; 0.860 ; contador_10:contador_unidades|cuenta[2] ; contador_10:contador_minutos|cuenta[2]  ; clk          ; clk         ; 0.000        ; 0.037      ; 0.981      ;
; 0.863 ; contador_10:contador_unidades|cuenta[1] ; contador_10:contador_minutos|cuenta[2]  ; clk          ; clk         ; 0.000        ; 0.037      ; 0.984      ;
; 0.865 ; running                                 ; contador_6:contador_decenas|cuenta[1]   ; clk          ; clk         ; 0.000        ; 0.035      ; 0.984      ;
; 0.865 ; running                                 ; contador_6:contador_decenas|cuenta[2]   ; clk          ; clk         ; 0.000        ; 0.035      ; 0.984      ;
; 0.865 ; running                                 ; contador_6:contador_decenas|cuenta[0]   ; clk          ; clk         ; 0.000        ; 0.035      ; 0.984      ;
; 0.892 ; contador_10:contador_unidades|cuenta[0] ; contador_6:contador_decenas|cuenta[1]   ; clk          ; clk         ; 0.000        ; 0.036      ; 1.012      ;
; 0.892 ; contador_10:contador_unidades|cuenta[0] ; contador_6:contador_decenas|cuenta[2]   ; clk          ; clk         ; 0.000        ; 0.036      ; 1.012      ;
; 0.892 ; contador_10:contador_unidades|cuenta[0] ; contador_6:contador_decenas|cuenta[0]   ; clk          ; clk         ; 0.000        ; 0.036      ; 1.012      ;
; 0.945 ; contador_6:contador_decenas|cuenta[0]   ; contador_10:contador_minutos|cuenta[3]  ; clk          ; clk         ; 0.000        ; 0.036      ; 1.065      ;
; 0.945 ; contador_6:contador_decenas|cuenta[0]   ; contador_10:contador_minutos|cuenta[1]  ; clk          ; clk         ; 0.000        ; 0.036      ; 1.065      ;
; 0.945 ; contador_6:contador_decenas|cuenta[0]   ; contador_10:contador_minutos|cuenta[0]  ; clk          ; clk         ; 0.000        ; 0.036      ; 1.065      ;
; 0.952 ; contador_10:contador_unidades|cuenta[3] ; contador_6:contador_decenas|cuenta[1]   ; clk          ; clk         ; 0.000        ; 0.036      ; 1.072      ;
; 0.952 ; contador_10:contador_unidades|cuenta[3] ; contador_6:contador_decenas|cuenta[2]   ; clk          ; clk         ; 0.000        ; 0.036      ; 1.072      ;
; 0.952 ; contador_10:contador_unidades|cuenta[3] ; contador_6:contador_decenas|cuenta[0]   ; clk          ; clk         ; 0.000        ; 0.036      ; 1.072      ;
; 0.991 ; contador_10:contador_unidades|cuenta[0] ; contador_10:contador_minutos|cuenta[3]  ; clk          ; clk         ; 0.000        ; 0.037      ; 1.112      ;
; 0.991 ; contador_10:contador_unidades|cuenta[0] ; contador_10:contador_minutos|cuenta[1]  ; clk          ; clk         ; 0.000        ; 0.037      ; 1.112      ;
; 0.991 ; contador_10:contador_unidades|cuenta[0] ; contador_10:contador_minutos|cuenta[0]  ; clk          ; clk         ; 0.000        ; 0.037      ; 1.112      ;
; 1.011 ; contador_6:contador_decenas|cuenta[2]   ; contador_10:contador_minutos|cuenta[3]  ; clk          ; clk         ; 0.000        ; 0.036      ; 1.131      ;
; 1.011 ; contador_6:contador_decenas|cuenta[2]   ; contador_10:contador_minutos|cuenta[1]  ; clk          ; clk         ; 0.000        ; 0.036      ; 1.131      ;
; 1.011 ; contador_6:contador_decenas|cuenta[2]   ; contador_10:contador_minutos|cuenta[0]  ; clk          ; clk         ; 0.000        ; 0.036      ; 1.131      ;
; 1.025 ; contador_10:contador_unidades|cuenta[1] ; contador_6:contador_decenas|cuenta[1]   ; clk          ; clk         ; 0.000        ; 0.036      ; 1.145      ;
; 1.025 ; contador_10:contador_unidades|cuenta[2] ; contador_6:contador_decenas|cuenta[1]   ; clk          ; clk         ; 0.000        ; 0.036      ; 1.145      ;
; 1.025 ; contador_10:contador_unidades|cuenta[1] ; contador_6:contador_decenas|cuenta[2]   ; clk          ; clk         ; 0.000        ; 0.036      ; 1.145      ;
; 1.025 ; contador_10:contador_unidades|cuenta[2] ; contador_6:contador_decenas|cuenta[2]   ; clk          ; clk         ; 0.000        ; 0.036      ; 1.145      ;
; 1.025 ; contador_10:contador_unidades|cuenta[1] ; contador_6:contador_decenas|cuenta[0]   ; clk          ; clk         ; 0.000        ; 0.036      ; 1.145      ;
; 1.025 ; contador_10:contador_unidades|cuenta[2] ; contador_6:contador_decenas|cuenta[0]   ; clk          ; clk         ; 0.000        ; 0.036      ; 1.145      ;
; 1.051 ; contador_10:contador_unidades|cuenta[3] ; contador_10:contador_minutos|cuenta[3]  ; clk          ; clk         ; 0.000        ; 0.037      ; 1.172      ;
; 1.051 ; contador_10:contador_unidades|cuenta[3] ; contador_10:contador_minutos|cuenta[1]  ; clk          ; clk         ; 0.000        ; 0.037      ; 1.172      ;
; 1.051 ; contador_10:contador_unidades|cuenta[3] ; contador_10:contador_minutos|cuenta[0]  ; clk          ; clk         ; 0.000        ; 0.037      ; 1.172      ;
; 1.091 ; contador_6:contador_decenas|cuenta[1]   ; contador_10:contador_minutos|cuenta[3]  ; clk          ; clk         ; 0.000        ; 0.036      ; 1.211      ;
; 1.091 ; contador_6:contador_decenas|cuenta[1]   ; contador_10:contador_minutos|cuenta[1]  ; clk          ; clk         ; 0.000        ; 0.036      ; 1.211      ;
; 1.091 ; contador_6:contador_decenas|cuenta[1]   ; contador_10:contador_minutos|cuenta[0]  ; clk          ; clk         ; 0.000        ; 0.036      ; 1.211      ;
; 1.097 ; contador_6:contador_decenas|cuenta[3]   ; contador_10:contador_minutos|cuenta[3]  ; clk          ; clk         ; 0.000        ; 0.036      ; 1.217      ;
; 1.097 ; contador_6:contador_decenas|cuenta[3]   ; contador_10:contador_minutos|cuenta[1]  ; clk          ; clk         ; 0.000        ; 0.036      ; 1.217      ;
; 1.097 ; contador_6:contador_decenas|cuenta[3]   ; contador_10:contador_minutos|cuenta[0]  ; clk          ; clk         ; 0.000        ; 0.036      ; 1.217      ;
; 1.132 ; contador_10:contador_unidades|cuenta[1] ; contador_10:contador_minutos|cuenta[3]  ; clk          ; clk         ; 0.000        ; 0.037      ; 1.253      ;
; 1.132 ; contador_10:contador_unidades|cuenta[2] ; contador_10:contador_minutos|cuenta[3]  ; clk          ; clk         ; 0.000        ; 0.037      ; 1.253      ;
; 1.132 ; contador_10:contador_unidades|cuenta[1] ; contador_10:contador_minutos|cuenta[1]  ; clk          ; clk         ; 0.000        ; 0.037      ; 1.253      ;
; 1.132 ; contador_10:contador_unidades|cuenta[2] ; contador_10:contador_minutos|cuenta[1]  ; clk          ; clk         ; 0.000        ; 0.037      ; 1.253      ;
; 1.132 ; contador_10:contador_unidades|cuenta[1] ; contador_10:contador_minutos|cuenta[0]  ; clk          ; clk         ; 0.000        ; 0.037      ; 1.253      ;
; 1.132 ; contador_10:contador_unidades|cuenta[2] ; contador_10:contador_minutos|cuenta[0]  ; clk          ; clk         ; 0.000        ; 0.037      ; 1.253      ;
+-------+-----------------------------------------+-----------------------------------------+--------------+-------------+--------------+------------+------------+


+--------------------------------------------------------------------------------------------------------------------------+
; Fast 1200mV 0C Model Minimum Pulse Width: 'clk'                                                                          ;
+--------+--------------+----------------+------------------+-------+------------+-----------------------------------------+
; Slack  ; Actual Width ; Required Width ; Type             ; Clock ; Clock Edge ; Target                                  ;
+--------+--------------+----------------+------------------+-------+------------+-----------------------------------------+
; -3.000 ; 1.000        ; 4.000          ; Port Rate        ; clk   ; Rise       ; clk                                     ;
; -1.000 ; 1.000        ; 2.000          ; Min Period       ; clk   ; Rise       ; contador_10:contador_minutos|cuenta[0]  ;
; -1.000 ; 1.000        ; 2.000          ; Min Period       ; clk   ; Rise       ; contador_10:contador_minutos|cuenta[1]  ;
; -1.000 ; 1.000        ; 2.000          ; Min Period       ; clk   ; Rise       ; contador_10:contador_minutos|cuenta[2]  ;
; -1.000 ; 1.000        ; 2.000          ; Min Period       ; clk   ; Rise       ; contador_10:contador_minutos|cuenta[3]  ;
; -1.000 ; 1.000        ; 2.000          ; Min Period       ; clk   ; Rise       ; contador_10:contador_unidades|cuenta[0] ;
; -1.000 ; 1.000        ; 2.000          ; Min Period       ; clk   ; Rise       ; contador_10:contador_unidades|cuenta[1] ;
; -1.000 ; 1.000        ; 2.000          ; Min Period       ; clk   ; Rise       ; contador_10:contador_unidades|cuenta[2] ;
; -1.000 ; 1.000        ; 2.000          ; Min Period       ; clk   ; Rise       ; contador_10:contador_unidades|cuenta[3] ;
; -1.000 ; 1.000        ; 2.000          ; Min Period       ; clk   ; Rise       ; contador_6:contador_decenas|cuenta[0]   ;
; -1.000 ; 1.000        ; 2.000          ; Min Period       ; clk   ; Rise       ; contador_6:contador_decenas|cuenta[1]   ;
; -1.000 ; 1.000        ; 2.000          ; Min Period       ; clk   ; Rise       ; contador_6:contador_decenas|cuenta[2]   ;
; -1.000 ; 1.000        ; 2.000          ; Min Period       ; clk   ; Rise       ; contador_6:contador_decenas|cuenta[3]   ;
; -1.000 ; 1.000        ; 2.000          ; Min Period       ; clk   ; Rise       ; running                                 ;
; -0.055 ; 0.129        ; 0.184          ; Low Pulse Width  ; clk   ; Rise       ; contador_10:contador_minutos|cuenta[0]  ;
; -0.055 ; 0.129        ; 0.184          ; Low Pulse Width  ; clk   ; Rise       ; contador_10:contador_minutos|cuenta[1]  ;
; -0.055 ; 0.129        ; 0.184          ; Low Pulse Width  ; clk   ; Rise       ; contador_10:contador_minutos|cuenta[2]  ;
; -0.055 ; 0.129        ; 0.184          ; Low Pulse Width  ; clk   ; Rise       ; contador_10:contador_minutos|cuenta[3]  ;
; -0.055 ; 0.129        ; 0.184          ; Low Pulse Width  ; clk   ; Rise       ; contador_10:contador_unidades|cuenta[0] ;
; -0.055 ; 0.129        ; 0.184          ; Low Pulse Width  ; clk   ; Rise       ; contador_10:contador_unidades|cuenta[1] ;
; -0.055 ; 0.129        ; 0.184          ; Low Pulse Width  ; clk   ; Rise       ; contador_10:contador_unidades|cuenta[2] ;
; -0.055 ; 0.129        ; 0.184          ; Low Pulse Width  ; clk   ; Rise       ; contador_10:contador_unidades|cuenta[3] ;
; -0.055 ; 0.129        ; 0.184          ; Low Pulse Width  ; clk   ; Rise       ; contador_6:contador_decenas|cuenta[0]   ;
; -0.055 ; 0.129        ; 0.184          ; Low Pulse Width  ; clk   ; Rise       ; contador_6:contador_decenas|cuenta[1]   ;
; -0.055 ; 0.129        ; 0.184          ; Low Pulse Width  ; clk   ; Rise       ; contador_6:contador_decenas|cuenta[2]   ;
; -0.055 ; 0.129        ; 0.184          ; Low Pulse Width  ; clk   ; Rise       ; contador_6:contador_decenas|cuenta[3]   ;
; -0.055 ; 0.129        ; 0.184          ; Low Pulse Width  ; clk   ; Rise       ; running                                 ;
; 0.118  ; 0.118        ; 0.000          ; Low Pulse Width  ; clk   ; Rise       ; clk~input|o                             ;
; 0.124  ; 0.124        ; 0.000          ; Low Pulse Width  ; clk   ; Rise       ; contador_decenas|cuenta[0]|clk          ;
; 0.124  ; 0.124        ; 0.000          ; Low Pulse Width  ; clk   ; Rise       ; contador_decenas|cuenta[1]|clk          ;
; 0.124  ; 0.124        ; 0.000          ; Low Pulse Width  ; clk   ; Rise       ; contador_decenas|cuenta[2]|clk          ;
; 0.124  ; 0.124        ; 0.000          ; Low Pulse Width  ; clk   ; Rise       ; contador_decenas|cuenta[3]|clk          ;
; 0.124  ; 0.124        ; 0.000          ; Low Pulse Width  ; clk   ; Rise       ; contador_minutos|cuenta[0]|clk          ;
; 0.124  ; 0.124        ; 0.000          ; Low Pulse Width  ; clk   ; Rise       ; contador_minutos|cuenta[1]|clk          ;
; 0.124  ; 0.124        ; 0.000          ; Low Pulse Width  ; clk   ; Rise       ; contador_minutos|cuenta[2]|clk          ;
; 0.124  ; 0.124        ; 0.000          ; Low Pulse Width  ; clk   ; Rise       ; contador_minutos|cuenta[3]|clk          ;
; 0.124  ; 0.124        ; 0.000          ; Low Pulse Width  ; clk   ; Rise       ; contador_unidades|cuenta[0]|clk         ;
; 0.124  ; 0.124        ; 0.000          ; Low Pulse Width  ; clk   ; Rise       ; contador_unidades|cuenta[1]|clk         ;
; 0.124  ; 0.124        ; 0.000          ; Low Pulse Width  ; clk   ; Rise       ; contador_unidades|cuenta[2]|clk         ;
; 0.124  ; 0.124        ; 0.000          ; Low Pulse Width  ; clk   ; Rise       ; contador_unidades|cuenta[3]|clk         ;
; 0.124  ; 0.124        ; 0.000          ; Low Pulse Width  ; clk   ; Rise       ; running|clk                             ;
; 0.132  ; 0.132        ; 0.000          ; Low Pulse Width  ; clk   ; Rise       ; clk~inputclkctrl|inclk[0]               ;
; 0.132  ; 0.132        ; 0.000          ; Low Pulse Width  ; clk   ; Rise       ; clk~inputclkctrl|outclk                 ;
; 0.500  ; 0.500        ; 0.000          ; High Pulse Width ; clk   ; Rise       ; clk~input|i                             ;
; 0.500  ; 0.500        ; 0.000          ; Low Pulse Width  ; clk   ; Rise       ; clk~input|i                             ;
; 0.654  ; 0.870        ; 0.216          ; High Pulse Width ; clk   ; Rise       ; contador_10:contador_minutos|cuenta[0]  ;
; 0.654  ; 0.870        ; 0.216          ; High Pulse Width ; clk   ; Rise       ; contador_10:contador_minutos|cuenta[1]  ;
; 0.654  ; 0.870        ; 0.216          ; High Pulse Width ; clk   ; Rise       ; contador_10:contador_minutos|cuenta[2]  ;
; 0.654  ; 0.870        ; 0.216          ; High Pulse Width ; clk   ; Rise       ; contador_10:contador_minutos|cuenta[3]  ;
; 0.654  ; 0.870        ; 0.216          ; High Pulse Width ; clk   ; Rise       ; contador_10:contador_unidades|cuenta[0] ;
; 0.654  ; 0.870        ; 0.216          ; High Pulse Width ; clk   ; Rise       ; contador_10:contador_unidades|cuenta[1] ;
; 0.654  ; 0.870        ; 0.216          ; High Pulse Width ; clk   ; Rise       ; contador_10:contador_unidades|cuenta[2] ;
; 0.654  ; 0.870        ; 0.216          ; High Pulse Width ; clk   ; Rise       ; contador_10:contador_unidades|cuenta[3] ;
; 0.654  ; 0.870        ; 0.216          ; High Pulse Width ; clk   ; Rise       ; contador_6:contador_decenas|cuenta[0]   ;
; 0.654  ; 0.870        ; 0.216          ; High Pulse Width ; clk   ; Rise       ; contador_6:contador_decenas|cuenta[1]   ;
; 0.654  ; 0.870        ; 0.216          ; High Pulse Width ; clk   ; Rise       ; contador_6:contador_decenas|cuenta[2]   ;
; 0.654  ; 0.870        ; 0.216          ; High Pulse Width ; clk   ; Rise       ; contador_6:contador_decenas|cuenta[3]   ;
; 0.654  ; 0.870        ; 0.216          ; High Pulse Width ; clk   ; Rise       ; running                                 ;
; 0.867  ; 0.867        ; 0.000          ; High Pulse Width ; clk   ; Rise       ; clk~inputclkctrl|inclk[0]               ;
; 0.867  ; 0.867        ; 0.000          ; High Pulse Width ; clk   ; Rise       ; clk~inputclkctrl|outclk                 ;
; 0.875  ; 0.875        ; 0.000          ; High Pulse Width ; clk   ; Rise       ; contador_decenas|cuenta[0]|clk          ;
; 0.875  ; 0.875        ; 0.000          ; High Pulse Width ; clk   ; Rise       ; contador_decenas|cuenta[1]|clk          ;
; 0.875  ; 0.875        ; 0.000          ; High Pulse Width ; clk   ; Rise       ; contador_decenas|cuenta[2]|clk          ;
; 0.875  ; 0.875        ; 0.000          ; High Pulse Width ; clk   ; Rise       ; contador_decenas|cuenta[3]|clk          ;
; 0.875  ; 0.875        ; 0.000          ; High Pulse Width ; clk   ; Rise       ; contador_minutos|cuenta[0]|clk          ;
; 0.875  ; 0.875        ; 0.000          ; High Pulse Width ; clk   ; Rise       ; contador_minutos|cuenta[1]|clk          ;
; 0.875  ; 0.875        ; 0.000          ; High Pulse Width ; clk   ; Rise       ; contador_minutos|cuenta[2]|clk          ;
; 0.875  ; 0.875        ; 0.000          ; High Pulse Width ; clk   ; Rise       ; contador_minutos|cuenta[3]|clk          ;
; 0.875  ; 0.875        ; 0.000          ; High Pulse Width ; clk   ; Rise       ; contador_unidades|cuenta[0]|clk         ;
; 0.875  ; 0.875        ; 0.000          ; High Pulse Width ; clk   ; Rise       ; contador_unidades|cuenta[1]|clk         ;
; 0.875  ; 0.875        ; 0.000          ; High Pulse Width ; clk   ; Rise       ; contador_unidades|cuenta[2]|clk         ;
; 0.875  ; 0.875        ; 0.000          ; High Pulse Width ; clk   ; Rise       ; contador_unidades|cuenta[3]|clk         ;
; 0.875  ; 0.875        ; 0.000          ; High Pulse Width ; clk   ; Rise       ; running|clk                             ;
; 0.882  ; 0.882        ; 0.000          ; High Pulse Width ; clk   ; Rise       ; clk~input|o                             ;
+--------+--------------+----------------+------------------+-------+------------+-----------------------------------------+


+-----------------------------------------------------------------------+
; Setup Times                                                           ;
+-----------+------------+-------+-------+------------+-----------------+
; Data Port ; Clock Port ; Rise  ; Fall  ; Clock Edge ; Clock Reference ;
+-----------+------------+-------+-------+------------+-----------------+
; start     ; clk        ; 1.034 ; 1.641 ; Rise       ; clk             ;
; stop      ; clk        ; 0.878 ; 1.441 ; Rise       ; clk             ;
+-----------+------------+-------+-------+------------+-----------------+


+-------------------------------------------------------------------------+
; Hold Times                                                              ;
+-----------+------------+--------+--------+------------+-----------------+
; Data Port ; Clock Port ; Rise   ; Fall   ; Clock Edge ; Clock Reference ;
+-----------+------------+--------+--------+------------+-----------------+
; start     ; clk        ; -0.784 ; -1.366 ; Rise       ; clk             ;
; stop      ; clk        ; -0.663 ; -1.226 ; Rise       ; clk             ;
+-----------+------------+--------+--------+------------+-----------------+


+-------------------------------------------------------------------------+
; Clock to Output Times                                                   ;
+-------------+------------+-------+-------+------------+-----------------+
; Data Port   ; Clock Port ; Rise  ; Fall  ; Clock Edge ; Clock Reference ;
+-------------+------------+-------+-------+------------+-----------------+
; ssd_dec[*]  ; clk        ; 4.165 ; 4.155 ; Rise       ; clk             ;
;  ssd_dec[0] ; clk        ; 3.828 ; 3.873 ; Rise       ; clk             ;
;  ssd_dec[1] ; clk        ; 4.165 ; 4.069 ; Rise       ; clk             ;
;  ssd_dec[2] ; clk        ; 3.946 ; 3.978 ; Rise       ; clk             ;
;  ssd_dec[3] ; clk        ; 3.926 ; 3.959 ; Rise       ; clk             ;
;  ssd_dec[4] ; clk        ; 3.950 ; 3.891 ; Rise       ; clk             ;
;  ssd_dec[5] ; clk        ; 4.057 ; 3.977 ; Rise       ; clk             ;
;  ssd_dec[6] ; clk        ; 4.148 ; 4.155 ; Rise       ; clk             ;
; ssd_min[*]  ; clk        ; 4.801 ; 4.807 ; Rise       ; clk             ;
;  ssd_min[0] ; clk        ; 4.633 ; 4.807 ; Rise       ; clk             ;
;  ssd_min[1] ; clk        ; 4.801 ; 4.556 ; Rise       ; clk             ;
;  ssd_min[2] ; clk        ; 3.886 ; 3.811 ; Rise       ; clk             ;
;  ssd_min[3] ; clk        ; 3.830 ; 3.821 ; Rise       ; clk             ;
;  ssd_min[4] ; clk        ; 3.687 ; 3.707 ; Rise       ; clk             ;
;  ssd_min[5] ; clk        ; 3.841 ; 3.815 ; Rise       ; clk             ;
;  ssd_min[6] ; clk        ; 3.846 ; 3.832 ; Rise       ; clk             ;
; ssd_uni[*]  ; clk        ; 4.066 ; 4.052 ; Rise       ; clk             ;
;  ssd_uni[0] ; clk        ; 3.936 ; 3.950 ; Rise       ; clk             ;
;  ssd_uni[1] ; clk        ; 4.002 ; 4.006 ; Rise       ; clk             ;
;  ssd_uni[2] ; clk        ; 4.034 ; 3.932 ; Rise       ; clk             ;
;  ssd_uni[3] ; clk        ; 4.037 ; 4.029 ; Rise       ; clk             ;
;  ssd_uni[4] ; clk        ; 4.064 ; 3.942 ; Rise       ; clk             ;
;  ssd_uni[5] ; clk        ; 4.022 ; 3.917 ; Rise       ; clk             ;
;  ssd_uni[6] ; clk        ; 4.066 ; 4.052 ; Rise       ; clk             ;
+-------------+------------+-------+-------+------------+-----------------+


+-------------------------------------------------------------------------+
; Minimum Clock to Output Times                                           ;
+-------------+------------+-------+-------+------------+-----------------+
; Data Port   ; Clock Port ; Rise  ; Fall  ; Clock Edge ; Clock Reference ;
+-------------+------------+-------+-------+------------+-----------------+
; ssd_dec[*]  ; clk        ; 3.516 ; 3.494 ; Rise       ; clk             ;
;  ssd_dec[0] ; clk        ; 3.516 ; 3.494 ; Rise       ; clk             ;
;  ssd_dec[1] ; clk        ; 3.835 ; 3.738 ; Rise       ; clk             ;
;  ssd_dec[2] ; clk        ; 3.641 ; 3.571 ; Rise       ; clk             ;
;  ssd_dec[3] ; clk        ; 3.563 ; 3.555 ; Rise       ; clk             ;
;  ssd_dec[4] ; clk        ; 3.567 ; 3.626 ; Rise       ; clk             ;
;  ssd_dec[5] ; clk        ; 3.650 ; 3.588 ; Rise       ; clk             ;
;  ssd_dec[6] ; clk        ; 3.773 ; 3.742 ; Rise       ; clk             ;
; ssd_min[*]  ; clk        ; 3.390 ; 3.388 ; Rise       ; clk             ;
;  ssd_min[0] ; clk        ; 4.328 ; 4.500 ; Rise       ; clk             ;
;  ssd_min[1] ; clk        ; 4.497 ; 4.322 ; Rise       ; clk             ;
;  ssd_min[2] ; clk        ; 3.624 ; 3.543 ; Rise       ; clk             ;
;  ssd_min[3] ; clk        ; 3.529 ; 3.503 ; Rise       ; clk             ;
;  ssd_min[4] ; clk        ; 3.390 ; 3.388 ; Rise       ; clk             ;
;  ssd_min[5] ; clk        ; 3.597 ; 3.534 ; Rise       ; clk             ;
;  ssd_min[6] ; clk        ; 3.560 ; 3.530 ; Rise       ; clk             ;
; ssd_uni[*]  ; clk        ; 3.523 ; 3.537 ; Rise       ; clk             ;
;  ssd_uni[0] ; clk        ; 3.523 ; 3.537 ; Rise       ; clk             ;
;  ssd_uni[1] ; clk        ; 3.617 ; 3.584 ; Rise       ; clk             ;
;  ssd_uni[2] ; clk        ; 3.705 ; 3.622 ; Rise       ; clk             ;
;  ssd_uni[3] ; clk        ; 3.643 ; 3.617 ; Rise       ; clk             ;
;  ssd_uni[4] ; clk        ; 3.668 ; 3.638 ; Rise       ; clk             ;
;  ssd_uni[5] ; clk        ; 3.676 ; 3.605 ; Rise       ; clk             ;
;  ssd_uni[6] ; clk        ; 3.668 ; 3.637 ; Rise       ; clk             ;
+-------------+------------+-------+-------+------------+-----------------+


---------------------------------------------
; Fast 1200mV 0C Model Metastability Report ;
---------------------------------------------
No synchronizer chains to report.


+-------------------------------------------------------------------------------+
; Multicorner Timing Analysis Summary                                           ;
+------------------+---------+-------+----------+---------+---------------------+
; Clock            ; Setup   ; Hold  ; Recovery ; Removal ; Minimum Pulse Width ;
+------------------+---------+-------+----------+---------+---------------------+
; Worst-case Slack ; -1.401  ; 0.187 ; N/A      ; N/A     ; -3.000              ;
;  clk             ; -1.401  ; 0.187 ; N/A      ; N/A     ; -3.000              ;
; Design-wide TNS  ; -10.899 ; 0.0   ; 0.0      ; 0.0     ; -16.715             ;
;  clk             ; -10.899 ; 0.000 ; N/A      ; N/A     ; -16.715             ;
+------------------+---------+-------+----------+---------+---------------------+


+-----------------------------------------------------------------------+
; Setup Times                                                           ;
+-----------+------------+-------+-------+------------+-----------------+
; Data Port ; Clock Port ; Rise  ; Fall  ; Clock Edge ; Clock Reference ;
+-----------+------------+-------+-------+------------+-----------------+
; start     ; clk        ; 1.857 ; 2.317 ; Rise       ; clk             ;
; stop      ; clk        ; 1.578 ; 1.963 ; Rise       ; clk             ;
+-----------+------------+-------+-------+------------+-----------------+


+-------------------------------------------------------------------------+
; Hold Times                                                              ;
+-----------+------------+--------+--------+------------+-----------------+
; Data Port ; Clock Port ; Rise   ; Fall   ; Clock Edge ; Clock Reference ;
+-----------+------------+--------+--------+------------+-----------------+
; start     ; clk        ; -0.784 ; -1.366 ; Rise       ; clk             ;
; stop      ; clk        ; -0.663 ; -1.226 ; Rise       ; clk             ;
+-----------+------------+--------+--------+------------+-----------------+


+-------------------------------------------------------------------------+
; Clock to Output Times                                                   ;
+-------------+------------+-------+-------+------------+-----------------+
; Data Port   ; Clock Port ; Rise  ; Fall  ; Clock Edge ; Clock Reference ;
+-------------+------------+-------+-------+------------+-----------------+
; ssd_dec[*]  ; clk        ; 6.915 ; 6.939 ; Rise       ; clk             ;
;  ssd_dec[0] ; clk        ; 6.479 ; 6.445 ; Rise       ; clk             ;
;  ssd_dec[1] ; clk        ; 6.915 ; 6.852 ; Rise       ; clk             ;
;  ssd_dec[2] ; clk        ; 6.549 ; 6.616 ; Rise       ; clk             ;
;  ssd_dec[3] ; clk        ; 6.529 ; 6.604 ; Rise       ; clk             ;
;  ssd_dec[4] ; clk        ; 6.562 ; 6.529 ; Rise       ; clk             ;
;  ssd_dec[5] ; clk        ; 6.736 ; 6.734 ; Rise       ; clk             ;
;  ssd_dec[6] ; clk        ; 6.877 ; 6.939 ; Rise       ; clk             ;
; ssd_min[*]  ; clk        ; 7.675 ; 7.692 ; Rise       ; clk             ;
;  ssd_min[0] ; clk        ; 7.588 ; 7.692 ; Rise       ; clk             ;
;  ssd_min[1] ; clk        ; 7.675 ; 7.466 ; Rise       ; clk             ;
;  ssd_min[2] ; clk        ; 6.431 ; 6.371 ; Rise       ; clk             ;
;  ssd_min[3] ; clk        ; 6.335 ; 6.380 ; Rise       ; clk             ;
;  ssd_min[4] ; clk        ; 6.120 ; 6.171 ; Rise       ; clk             ;
;  ssd_min[5] ; clk        ; 6.384 ; 6.386 ; Rise       ; clk             ;
;  ssd_min[6] ; clk        ; 6.384 ; 6.394 ; Rise       ; clk             ;
; ssd_uni[*]  ; clk        ; 6.736 ; 6.769 ; Rise       ; clk             ;
;  ssd_uni[0] ; clk        ; 6.581 ; 6.567 ; Rise       ; clk             ;
;  ssd_uni[1] ; clk        ; 6.638 ; 6.716 ; Rise       ; clk             ;
;  ssd_uni[2] ; clk        ; 6.673 ; 6.620 ; Rise       ; clk             ;
;  ssd_uni[3] ; clk        ; 6.676 ; 6.715 ; Rise       ; clk             ;
;  ssd_uni[4] ; clk        ; 6.721 ; 6.625 ; Rise       ; clk             ;
;  ssd_uni[5] ; clk        ; 6.667 ; 6.606 ; Rise       ; clk             ;
;  ssd_uni[6] ; clk        ; 6.736 ; 6.769 ; Rise       ; clk             ;
+-------------+------------+-------+-------+------------+-----------------+


+-------------------------------------------------------------------------+
; Minimum Clock to Output Times                                           ;
+-------------+------------+-------+-------+------------+-----------------+
; Data Port   ; Clock Port ; Rise  ; Fall  ; Clock Edge ; Clock Reference ;
+-------------+------------+-------+-------+------------+-----------------+
; ssd_dec[*]  ; clk        ; 3.516 ; 3.494 ; Rise       ; clk             ;
;  ssd_dec[0] ; clk        ; 3.516 ; 3.494 ; Rise       ; clk             ;
;  ssd_dec[1] ; clk        ; 3.835 ; 3.738 ; Rise       ; clk             ;
;  ssd_dec[2] ; clk        ; 3.641 ; 3.571 ; Rise       ; clk             ;
;  ssd_dec[3] ; clk        ; 3.563 ; 3.555 ; Rise       ; clk             ;
;  ssd_dec[4] ; clk        ; 3.567 ; 3.626 ; Rise       ; clk             ;
;  ssd_dec[5] ; clk        ; 3.650 ; 3.588 ; Rise       ; clk             ;
;  ssd_dec[6] ; clk        ; 3.773 ; 3.742 ; Rise       ; clk             ;
; ssd_min[*]  ; clk        ; 3.390 ; 3.388 ; Rise       ; clk             ;
;  ssd_min[0] ; clk        ; 4.328 ; 4.500 ; Rise       ; clk             ;
;  ssd_min[1] ; clk        ; 4.497 ; 4.322 ; Rise       ; clk             ;
;  ssd_min[2] ; clk        ; 3.624 ; 3.543 ; Rise       ; clk             ;
;  ssd_min[3] ; clk        ; 3.529 ; 3.503 ; Rise       ; clk             ;
;  ssd_min[4] ; clk        ; 3.390 ; 3.388 ; Rise       ; clk             ;
;  ssd_min[5] ; clk        ; 3.597 ; 3.534 ; Rise       ; clk             ;
;  ssd_min[6] ; clk        ; 3.560 ; 3.530 ; Rise       ; clk             ;
; ssd_uni[*]  ; clk        ; 3.523 ; 3.537 ; Rise       ; clk             ;
;  ssd_uni[0] ; clk        ; 3.523 ; 3.537 ; Rise       ; clk             ;
;  ssd_uni[1] ; clk        ; 3.617 ; 3.584 ; Rise       ; clk             ;
;  ssd_uni[2] ; clk        ; 3.705 ; 3.622 ; Rise       ; clk             ;
;  ssd_uni[3] ; clk        ; 3.643 ; 3.617 ; Rise       ; clk             ;
;  ssd_uni[4] ; clk        ; 3.668 ; 3.638 ; Rise       ; clk             ;
;  ssd_uni[5] ; clk        ; 3.676 ; 3.605 ; Rise       ; clk             ;
;  ssd_uni[6] ; clk        ; 3.668 ; 3.637 ; Rise       ; clk             ;
+-------------+------------+-------+-------+------------+-----------------+


+------------------------------------------------------------------------------------------------------------------------------------------------------------------------------------------------------------------------------------------------------------------------------------------------------------------------------------------------------------------------------------------------------------------+
; Board Trace Model Assignments                                                                                                                                                                                                                                                                                                                                                                                    ;
+---------------+--------------+-------------------+-------------------------+-------------------------+---------------+---------------------+----------------+------------------+--------+------------------+------------------------+------------------------+--------------+---------------+-----------------+-------+---------------------+--------------------+---------------+-----------------+-------------+
; Pin           ; I/O Standard ; Near Tline Length ; Near Tline L per Length ; Near Tline C per Length ; Near Series R ; Near Differential R ; Near Pull-up R ; Near Pull-down R ; Near C ; Far Tline Length ; Far Tline L per Length ; Far Tline C per Length ; Far Series R ; Far Pull-up R ; Far Pull-down R ; Far C ; Termination Voltage ; Far Differential R ; EBD File Name ; EBD Signal Name ; EBD Far-end ;
+---------------+--------------+-------------------+-------------------------+-------------------------+---------------+---------------------+----------------+------------------+--------+------------------+------------------------+------------------------+--------------+---------------+-----------------+-------+---------------------+--------------------+---------------+-----------------+-------------+
; ssd_min[0]    ; 2.5 V        ; 0 in              ; 0 H/in                  ; 0 F/in                  ; short         ; -                   ; open           ; open             ; open   ; 0 in             ; 0 H/in                 ; 0 F/in                 ; short        ; open          ; open            ; open  ; 0 V                 ; -                  ; n/a           ; n/a             ; n/a         ;
; ssd_min[1]    ; 2.5 V        ; 0 in              ; 0 H/in                  ; 0 F/in                  ; short         ; -                   ; open           ; open             ; open   ; 0 in             ; 0 H/in                 ; 0 F/in                 ; short        ; open          ; open            ; open  ; 0 V                 ; -                  ; n/a           ; n/a             ; n/a         ;
; ssd_min[2]    ; 2.5 V        ; 0 in              ; 0 H/in                  ; 0 F/in                  ; short         ; -                   ; open           ; open             ; open   ; 0 in             ; 0 H/in                 ; 0 F/in                 ; short        ; open          ; open            ; open  ; 0 V                 ; -                  ; n/a           ; n/a             ; n/a         ;
; ssd_min[3]    ; 2.5 V        ; 0 in              ; 0 H/in                  ; 0 F/in                  ; short         ; -                   ; open           ; open             ; open   ; 0 in             ; 0 H/in                 ; 0 F/in                 ; short        ; open          ; open            ; open  ; 0 V                 ; -                  ; n/a           ; n/a             ; n/a         ;
; ssd_min[4]    ; 2.5 V        ; 0 in              ; 0 H/in                  ; 0 F/in                  ; short         ; -                   ; open           ; open             ; open   ; 0 in             ; 0 H/in                 ; 0 F/in                 ; short        ; open          ; open            ; open  ; 0 V                 ; -                  ; n/a           ; n/a             ; n/a         ;
; ssd_min[5]    ; 2.5 V        ; 0 in              ; 0 H/in                  ; 0 F/in                  ; short         ; -                   ; open           ; open             ; open   ; 0 in             ; 0 H/in                 ; 0 F/in                 ; short        ; open          ; open            ; open  ; 0 V                 ; -                  ; n/a           ; n/a             ; n/a         ;
; ssd_min[6]    ; 2.5 V        ; 0 in              ; 0 H/in                  ; 0 F/in                  ; short         ; -                   ; open           ; open             ; open   ; 0 in             ; 0 H/in                 ; 0 F/in                 ; short        ; open          ; open            ; open  ; 0 V                 ; -                  ; n/a           ; n/a             ; n/a         ;
; ssd_dec[0]    ; 2.5 V        ; 0 in              ; 0 H/in                  ; 0 F/in                  ; short         ; -                   ; open           ; open             ; open   ; 0 in             ; 0 H/in                 ; 0 F/in                 ; short        ; open          ; open            ; open  ; 0 V                 ; -                  ; n/a           ; n/a             ; n/a         ;
; ssd_dec[1]    ; 2.5 V        ; 0 in              ; 0 H/in                  ; 0 F/in                  ; short         ; -                   ; open           ; open             ; open   ; 0 in             ; 0 H/in                 ; 0 F/in                 ; short        ; open          ; open            ; open  ; 0 V                 ; -                  ; n/a           ; n/a             ; n/a         ;
; ssd_dec[2]    ; 2.5 V        ; 0 in              ; 0 H/in                  ; 0 F/in                  ; short         ; -                   ; open           ; open             ; open   ; 0 in             ; 0 H/in                 ; 0 F/in                 ; short        ; open          ; open            ; open  ; 0 V                 ; -                  ; n/a           ; n/a             ; n/a         ;
; ssd_dec[3]    ; 2.5 V        ; 0 in              ; 0 H/in                  ; 0 F/in                  ; short         ; -                   ; open           ; open             ; open   ; 0 in             ; 0 H/in                 ; 0 F/in                 ; short        ; open          ; open            ; open  ; 0 V                 ; -                  ; n/a           ; n/a             ; n/a         ;
; ssd_dec[4]    ; 2.5 V        ; 0 in              ; 0 H/in                  ; 0 F/in                  ; short         ; -                   ; open           ; open             ; open   ; 0 in             ; 0 H/in                 ; 0 F/in                 ; short        ; open          ; open            ; open  ; 0 V                 ; -                  ; n/a           ; n/a             ; n/a         ;
; ssd_dec[5]    ; 2.5 V        ; 0 in              ; 0 H/in                  ; 0 F/in                  ; short         ; -                   ; open           ; open             ; open   ; 0 in             ; 0 H/in                 ; 0 F/in                 ; short        ; open          ; open            ; open  ; 0 V                 ; -                  ; n/a           ; n/a             ; n/a         ;
; ssd_dec[6]    ; 2.5 V        ; 0 in              ; 0 H/in                  ; 0 F/in                  ; short         ; -                   ; open           ; open             ; open   ; 0 in             ; 0 H/in                 ; 0 F/in                 ; short        ; open          ; open            ; open  ; 0 V                 ; -                  ; n/a           ; n/a             ; n/a         ;
; ssd_uni[0]    ; 2.5 V        ; 0 in              ; 0 H/in                  ; 0 F/in                  ; short         ; -                   ; open           ; open             ; open   ; 0 in             ; 0 H/in                 ; 0 F/in                 ; short        ; open          ; open            ; open  ; 0 V                 ; -                  ; n/a           ; n/a             ; n/a         ;
; ssd_uni[1]    ; 2.5 V        ; 0 in              ; 0 H/in                  ; 0 F/in                  ; short         ; -                   ; open           ; open             ; open   ; 0 in             ; 0 H/in                 ; 0 F/in                 ; short        ; open          ; open            ; open  ; 0 V                 ; -                  ; n/a           ; n/a             ; n/a         ;
; ssd_uni[2]    ; 2.5 V        ; 0 in              ; 0 H/in                  ; 0 F/in                  ; short         ; -                   ; open           ; open             ; open   ; 0 in             ; 0 H/in                 ; 0 F/in                 ; short        ; open          ; open            ; open  ; 0 V                 ; -                  ; n/a           ; n/a             ; n/a         ;
; ssd_uni[3]    ; 2.5 V        ; 0 in              ; 0 H/in                  ; 0 F/in                  ; short         ; -                   ; open           ; open             ; open   ; 0 in             ; 0 H/in                 ; 0 F/in                 ; short        ; open          ; open            ; open  ; 0 V                 ; -                  ; n/a           ; n/a             ; n/a         ;
; ssd_uni[4]    ; 2.5 V        ; 0 in              ; 0 H/in                  ; 0 F/in                  ; short         ; -                   ; open           ; open             ; open   ; 0 in             ; 0 H/in                 ; 0 F/in                 ; short        ; open          ; open            ; open  ; 0 V                 ; -                  ; n/a           ; n/a             ; n/a         ;
; ssd_uni[5]    ; 2.5 V        ; 0 in              ; 0 H/in                  ; 0 F/in                  ; short         ; -                   ; open           ; open             ; open   ; 0 in             ; 0 H/in                 ; 0 F/in                 ; short        ; open          ; open            ; open  ; 0 V                 ; -                  ; n/a           ; n/a             ; n/a         ;
; ssd_uni[6]    ; 2.5 V        ; 0 in              ; 0 H/in                  ; 0 F/in                  ; short         ; -                   ; open           ; open             ; open   ; 0 in             ; 0 H/in                 ; 0 F/in                 ; short        ; open          ; open            ; open  ; 0 V                 ; -                  ; n/a           ; n/a             ; n/a         ;
; ~ALTERA_DCLK~ ; 2.5 V        ; 0 in              ; 0 H/in                  ; 0 F/in                  ; short         ; -                   ; open           ; open             ; open   ; 0 in             ; 0 H/in                 ; 0 F/in                 ; short        ; open          ; open            ; open  ; 0 V                 ; -                  ; n/a           ; n/a             ; n/a         ;
; ~ALTERA_nCEO~ ; 2.5 V        ; 0 in              ; 0 H/in                  ; 0 F/in                  ; short         ; -                   ; open           ; open             ; open   ; 0 in             ; 0 H/in                 ; 0 F/in                 ; short        ; open          ; open            ; open  ; 0 V                 ; -                  ; n/a           ; n/a             ; n/a         ;
+---------------+--------------+-------------------+-------------------------+-------------------------+---------------+---------------------+----------------+------------------+--------+------------------+------------------------+------------------------+--------------+---------------+-----------------+-------+---------------------+--------------------+---------------+-----------------+-------------+


+----------------------------------------------------------------------------+
; Input Transition Times                                                     ;
+-------------------------+--------------+-----------------+-----------------+
; Pin                     ; I/O Standard ; 10-90 Rise Time ; 90-10 Fall Time ;
+-------------------------+--------------+-----------------+-----------------+
; clk                     ; 2.5 V        ; 2000 ps         ; 2000 ps         ;
; reset                   ; 2.5 V        ; 2000 ps         ; 2000 ps         ;
; start                   ; 2.5 V        ; 2000 ps         ; 2000 ps         ;
; stop                    ; 2.5 V        ; 2000 ps         ; 2000 ps         ;
; ~ALTERA_ASDO_DATA1~     ; 2.5 V        ; 2000 ps         ; 2000 ps         ;
; ~ALTERA_FLASH_nCE_nCSO~ ; 2.5 V        ; 2000 ps         ; 2000 ps         ;
; ~ALTERA_DATA0~          ; 2.5 V        ; 2000 ps         ; 2000 ps         ;
+-------------------------+--------------+-----------------+-----------------+


+--------------------------------------------------------------------------------------------------------------------------------------------------------------------------------------------------------------------------------------------------------------------------------------------------------------------------------------------------------------------------------------------------------------------------------------------------------------------------------------------------------------------------------------------------------------------------------------------------------------------------------------------------------------------------------------------+
; Slow Corner Signal Integrity Metrics                                                                                                                                                                                                                                                                                                                                                                                                                                                                                                                                                                                                                                                       ;
+---------------+--------------+---------------------+---------------------+------------------------------+------------------------------+---------------------+---------------------+--------------------------------------+--------------------------------------+-----------------------------+-----------------------------+----------------------------+----------------------------+-----------------------------+-----------------------------+--------------------+--------------------+-------------------------------------+-------------------------------------+----------------------------+----------------------------+---------------------------+---------------------------+
; Pin           ; I/O Standard ; Board Delay on Rise ; Board Delay on Fall ; Steady State Voh at FPGA Pin ; Steady State Vol at FPGA Pin ; Voh Max at FPGA Pin ; Vol Min at FPGA Pin ; Ringback Voltage on Rise at FPGA Pin ; Ringback Voltage on Fall at FPGA Pin ; 10-90 Rise Time at FPGA Pin ; 90-10 Fall Time at FPGA Pin ; Monotonic Rise at FPGA Pin ; Monotonic Fall at FPGA Pin ; Steady State Voh at Far-end ; Steady State Vol at Far-end ; Voh Max at Far-end ; Vol Min at Far-end ; Ringback Voltage on Rise at Far-end ; Ringback Voltage on Fall at Far-end ; 10-90 Rise Time at Far-end ; 90-10 Fall Time at Far-end ; Monotonic Rise at Far-end ; Monotonic Fall at Far-end ;
+---------------+--------------+---------------------+---------------------+------------------------------+------------------------------+---------------------+---------------------+--------------------------------------+--------------------------------------+-----------------------------+-----------------------------+----------------------------+----------------------------+-----------------------------+-----------------------------+--------------------+--------------------+-------------------------------------+-------------------------------------+----------------------------+----------------------------+---------------------------+---------------------------+
; ssd_min[0]    ; 2.5 V        ; 0 s                 ; 0 s                 ; 2.32 V                       ; 7.25e-07 V                   ; 2.33 V              ; -0.00317 V          ; 0.162 V                              ; 0.063 V                              ; 3.54e-09 s                  ; 3.41e-09 s                  ; Yes                        ; Yes                        ; 2.32 V                      ; 7.25e-07 V                  ; 2.33 V             ; -0.00317 V         ; 0.162 V                             ; 0.063 V                             ; 3.54e-09 s                 ; 3.41e-09 s                 ; Yes                       ; Yes                       ;
; ssd_min[1]    ; 2.5 V        ; 0 s                 ; 0 s                 ; 2.32 V                       ; 7.25e-07 V                   ; 2.33 V              ; -0.00317 V          ; 0.162 V                              ; 0.063 V                              ; 3.54e-09 s                  ; 3.41e-09 s                  ; Yes                        ; Yes                        ; 2.32 V                      ; 7.25e-07 V                  ; 2.33 V             ; -0.00317 V         ; 0.162 V                             ; 0.063 V                             ; 3.54e-09 s                 ; 3.41e-09 s                 ; Yes                       ; Yes                       ;
; ssd_min[2]    ; 2.5 V        ; 0 s                 ; 0 s                 ; 2.32 V                       ; 7.25e-07 V                   ; 2.35 V              ; -0.0111 V           ; 0.113 V                              ; 0.035 V                              ; 7.76e-10 s                  ; 8.04e-10 s                  ; Yes                        ; Yes                        ; 2.32 V                      ; 7.25e-07 V                  ; 2.35 V             ; -0.0111 V          ; 0.113 V                             ; 0.035 V                             ; 7.76e-10 s                 ; 8.04e-10 s                 ; Yes                       ; Yes                       ;
; ssd_min[3]    ; 2.5 V        ; 0 s                 ; 0 s                 ; 2.32 V                       ; 7.25e-07 V                   ; 2.35 V              ; -0.0111 V           ; 0.113 V                              ; 0.035 V                              ; 7.76e-10 s                  ; 8.04e-10 s                  ; Yes                        ; Yes                        ; 2.32 V                      ; 7.25e-07 V                  ; 2.35 V             ; -0.0111 V          ; 0.113 V                             ; 0.035 V                             ; 7.76e-10 s                 ; 8.04e-10 s                 ; Yes                       ; Yes                       ;
; ssd_min[4]    ; 2.5 V        ; 0 s                 ; 0 s                 ; 2.32 V                       ; 7.25e-07 V                   ; 2.35 V              ; -0.0111 V           ; 0.113 V                              ; 0.035 V                              ; 7.76e-10 s                  ; 8.04e-10 s                  ; Yes                        ; Yes                        ; 2.32 V                      ; 7.25e-07 V                  ; 2.35 V             ; -0.0111 V          ; 0.113 V                             ; 0.035 V                             ; 7.76e-10 s                 ; 8.04e-10 s                 ; Yes                       ; Yes                       ;
; ssd_min[5]    ; 2.5 V        ; 0 s                 ; 0 s                 ; 2.32 V                       ; 7.25e-07 V                   ; 2.35 V              ; -0.0111 V           ; 0.113 V                              ; 0.035 V                              ; 7.76e-10 s                  ; 8.04e-10 s                  ; Yes                        ; Yes                        ; 2.32 V                      ; 7.25e-07 V                  ; 2.35 V             ; -0.0111 V          ; 0.113 V                             ; 0.035 V                             ; 7.76e-10 s                 ; 8.04e-10 s                 ; Yes                       ; Yes                       ;
; ssd_min[6]    ; 2.5 V        ; 0 s                 ; 0 s                 ; 2.32 V                       ; 7.25e-07 V                   ; 2.35 V              ; -0.0111 V           ; 0.113 V                              ; 0.035 V                              ; 7.76e-10 s                  ; 8.04e-10 s                  ; Yes                        ; Yes                        ; 2.32 V                      ; 7.25e-07 V                  ; 2.35 V             ; -0.0111 V          ; 0.113 V                             ; 0.035 V                             ; 7.76e-10 s                 ; 8.04e-10 s                 ; Yes                       ; Yes                       ;
; ssd_dec[0]    ; 2.5 V        ; 0 s                 ; 0 s                 ; 2.32 V                       ; 7.25e-07 V                   ; 2.36 V              ; -0.00946 V          ; 0.111 V                              ; 0.027 V                              ; 6.46e-10 s                  ; 6.2e-10 s                   ; Yes                        ; Yes                        ; 2.32 V                      ; 7.25e-07 V                  ; 2.36 V             ; -0.00946 V         ; 0.111 V                             ; 0.027 V                             ; 6.46e-10 s                 ; 6.2e-10 s                  ; Yes                       ; Yes                       ;
; ssd_dec[1]    ; 2.5 V        ; 0 s                 ; 0 s                 ; 2.32 V                       ; 7.25e-07 V                   ; 2.35 V              ; -0.0111 V           ; 0.113 V                              ; 0.035 V                              ; 7.76e-10 s                  ; 8.04e-10 s                  ; Yes                        ; Yes                        ; 2.32 V                      ; 7.25e-07 V                  ; 2.35 V             ; -0.0111 V          ; 0.113 V                             ; 0.035 V                             ; 7.76e-10 s                 ; 8.04e-10 s                 ; Yes                       ; Yes                       ;
; ssd_dec[2]    ; 2.5 V        ; 0 s                 ; 0 s                 ; 2.32 V                       ; 7.25e-07 V                   ; 2.35 V              ; -0.0111 V           ; 0.113 V                              ; 0.035 V                              ; 7.76e-10 s                  ; 8.04e-10 s                  ; Yes                        ; Yes                        ; 2.32 V                      ; 7.25e-07 V                  ; 2.35 V             ; -0.0111 V          ; 0.113 V                             ; 0.035 V                             ; 7.76e-10 s                 ; 8.04e-10 s                 ; Yes                       ; Yes                       ;
; ssd_dec[3]    ; 2.5 V        ; 0 s                 ; 0 s                 ; 2.32 V                       ; 7.25e-07 V                   ; 2.35 V              ; -0.0111 V           ; 0.113 V                              ; 0.035 V                              ; 7.76e-10 s                  ; 8.04e-10 s                  ; Yes                        ; Yes                        ; 2.32 V                      ; 7.25e-07 V                  ; 2.35 V             ; -0.0111 V          ; 0.113 V                             ; 0.035 V                             ; 7.76e-10 s                 ; 8.04e-10 s                 ; Yes                       ; Yes                       ;
; ssd_dec[4]    ; 2.5 V        ; 0 s                 ; 0 s                 ; 2.32 V                       ; 7.25e-07 V                   ; 2.35 V              ; -0.0111 V           ; 0.113 V                              ; 0.035 V                              ; 7.76e-10 s                  ; 8.04e-10 s                  ; Yes                        ; Yes                        ; 2.32 V                      ; 7.25e-07 V                  ; 2.35 V             ; -0.0111 V          ; 0.113 V                             ; 0.035 V                             ; 7.76e-10 s                 ; 8.04e-10 s                 ; Yes                       ; Yes                       ;
; ssd_dec[5]    ; 2.5 V        ; 0 s                 ; 0 s                 ; 2.32 V                       ; 7.25e-07 V                   ; 2.36 V              ; -0.00946 V          ; 0.111 V                              ; 0.027 V                              ; 6.46e-10 s                  ; 6.2e-10 s                   ; Yes                        ; Yes                        ; 2.32 V                      ; 7.25e-07 V                  ; 2.36 V             ; -0.00946 V         ; 0.111 V                             ; 0.027 V                             ; 6.46e-10 s                 ; 6.2e-10 s                  ; Yes                       ; Yes                       ;
; ssd_dec[6]    ; 2.5 V        ; 0 s                 ; 0 s                 ; 2.32 V                       ; 7.25e-07 V                   ; 2.35 V              ; -0.0111 V           ; 0.113 V                              ; 0.035 V                              ; 7.76e-10 s                  ; 8.04e-10 s                  ; Yes                        ; Yes                        ; 2.32 V                      ; 7.25e-07 V                  ; 2.35 V             ; -0.0111 V          ; 0.113 V                             ; 0.035 V                             ; 7.76e-10 s                 ; 8.04e-10 s                 ; Yes                       ; Yes                       ;
; ssd_uni[0]    ; 2.5 V        ; 0 s                 ; 0 s                 ; 2.32 V                       ; 7.25e-07 V                   ; 2.35 V              ; -0.0111 V           ; 0.113 V                              ; 0.035 V                              ; 7.76e-10 s                  ; 8.04e-10 s                  ; Yes                        ; Yes                        ; 2.32 V                      ; 7.25e-07 V                  ; 2.35 V             ; -0.0111 V          ; 0.113 V                             ; 0.035 V                             ; 7.76e-10 s                 ; 8.04e-10 s                 ; Yes                       ; Yes                       ;
; ssd_uni[1]    ; 2.5 V        ; 0 s                 ; 0 s                 ; 2.32 V                       ; 7.25e-07 V                   ; 2.35 V              ; -0.0111 V           ; 0.113 V                              ; 0.035 V                              ; 7.76e-10 s                  ; 8.04e-10 s                  ; Yes                        ; Yes                        ; 2.32 V                      ; 7.25e-07 V                  ; 2.35 V             ; -0.0111 V          ; 0.113 V                             ; 0.035 V                             ; 7.76e-10 s                 ; 8.04e-10 s                 ; Yes                       ; Yes                       ;
; ssd_uni[2]    ; 2.5 V        ; 0 s                 ; 0 s                 ; 2.32 V                       ; 7.25e-07 V                   ; 2.35 V              ; -0.0111 V           ; 0.113 V                              ; 0.035 V                              ; 7.76e-10 s                  ; 8.04e-10 s                  ; Yes                        ; Yes                        ; 2.32 V                      ; 7.25e-07 V                  ; 2.35 V             ; -0.0111 V          ; 0.113 V                             ; 0.035 V                             ; 7.76e-10 s                 ; 8.04e-10 s                 ; Yes                       ; Yes                       ;
; ssd_uni[3]    ; 2.5 V        ; 0 s                 ; 0 s                 ; 2.32 V                       ; 7.25e-07 V                   ; 2.35 V              ; -0.0111 V           ; 0.113 V                              ; 0.035 V                              ; 7.76e-10 s                  ; 8.04e-10 s                  ; Yes                        ; Yes                        ; 2.32 V                      ; 7.25e-07 V                  ; 2.35 V             ; -0.0111 V          ; 0.113 V                             ; 0.035 V                             ; 7.76e-10 s                 ; 8.04e-10 s                 ; Yes                       ; Yes                       ;
; ssd_uni[4]    ; 2.5 V        ; 0 s                 ; 0 s                 ; 2.32 V                       ; 7.25e-07 V                   ; 2.35 V              ; -0.0111 V           ; 0.113 V                              ; 0.035 V                              ; 7.76e-10 s                  ; 8.04e-10 s                  ; Yes                        ; Yes                        ; 2.32 V                      ; 7.25e-07 V                  ; 2.35 V             ; -0.0111 V          ; 0.113 V                             ; 0.035 V                             ; 7.76e-10 s                 ; 8.04e-10 s                 ; Yes                       ; Yes                       ;
; ssd_uni[5]    ; 2.5 V        ; 0 s                 ; 0 s                 ; 2.32 V                       ; 7.25e-07 V                   ; 2.35 V              ; -0.0111 V           ; 0.113 V                              ; 0.035 V                              ; 7.76e-10 s                  ; 8.04e-10 s                  ; Yes                        ; Yes                        ; 2.32 V                      ; 7.25e-07 V                  ; 2.35 V             ; -0.0111 V          ; 0.113 V                             ; 0.035 V                             ; 7.76e-10 s                 ; 8.04e-10 s                 ; Yes                       ; Yes                       ;
; ssd_uni[6]    ; 2.5 V        ; 0 s                 ; 0 s                 ; 2.32 V                       ; 7.25e-07 V                   ; 2.35 V              ; -0.0111 V           ; 0.113 V                              ; 0.035 V                              ; 7.76e-10 s                  ; 8.04e-10 s                  ; Yes                        ; Yes                        ; 2.32 V                      ; 7.25e-07 V                  ; 2.35 V             ; -0.0111 V          ; 0.113 V                             ; 0.035 V                             ; 7.76e-10 s                 ; 8.04e-10 s                 ; Yes                       ; Yes                       ;
; ~ALTERA_DCLK~ ; 2.5 V        ; 0 s                 ; 0 s                 ; 2.32 V                       ; 5.68e-07 V                   ; 2.35 V              ; -0.0132 V           ; 0.2 V                                ; 0.027 V                              ; 5.26e-10 s                  ; 4.81e-10 s                  ; Yes                        ; Yes                        ; 2.32 V                      ; 5.68e-07 V                  ; 2.35 V             ; -0.0132 V          ; 0.2 V                               ; 0.027 V                             ; 5.26e-10 s                 ; 4.81e-10 s                 ; Yes                       ; Yes                       ;
; ~ALTERA_nCEO~ ; 2.5 V        ; 0 s                 ; 0 s                 ; 2.32 V                       ; 9.36e-07 V                   ; 2.35 V              ; -0.00444 V          ; 0.18 V                               ; 0.019 V                              ; 7.23e-10 s                  ; 9.82e-10 s                  ; Yes                        ; Yes                        ; 2.32 V                      ; 9.36e-07 V                  ; 2.35 V             ; -0.00444 V         ; 0.18 V                              ; 0.019 V                             ; 7.23e-10 s                 ; 9.82e-10 s                 ; Yes                       ; Yes                       ;
+---------------+--------------+---------------------+---------------------+------------------------------+------------------------------+---------------------+---------------------+--------------------------------------+--------------------------------------+-----------------------------+-----------------------------+----------------------------+----------------------------+-----------------------------+-----------------------------+--------------------+--------------------+-------------------------------------+-------------------------------------+----------------------------+----------------------------+---------------------------+---------------------------+


+--------------------------------------------------------------------------------------------------------------------------------------------------------------------------------------------------------------------------------------------------------------------------------------------------------------------------------------------------------------------------------------------------------------------------------------------------------------------------------------------------------------------------------------------------------------------------------------------------------------------------------------------------------------------------------------------+
; Fast Corner Signal Integrity Metrics                                                                                                                                                                                                                                                                                                                                                                                                                                                                                                                                                                                                                                                       ;
+---------------+--------------+---------------------+---------------------+------------------------------+------------------------------+---------------------+---------------------+--------------------------------------+--------------------------------------+-----------------------------+-----------------------------+----------------------------+----------------------------+-----------------------------+-----------------------------+--------------------+--------------------+-------------------------------------+-------------------------------------+----------------------------+----------------------------+---------------------------+---------------------------+
; Pin           ; I/O Standard ; Board Delay on Rise ; Board Delay on Fall ; Steady State Voh at FPGA Pin ; Steady State Vol at FPGA Pin ; Voh Max at FPGA Pin ; Vol Min at FPGA Pin ; Ringback Voltage on Rise at FPGA Pin ; Ringback Voltage on Fall at FPGA Pin ; 10-90 Rise Time at FPGA Pin ; 90-10 Fall Time at FPGA Pin ; Monotonic Rise at FPGA Pin ; Monotonic Fall at FPGA Pin ; Steady State Voh at Far-end ; Steady State Vol at Far-end ; Voh Max at Far-end ; Vol Min at Far-end ; Ringback Voltage on Rise at Far-end ; Ringback Voltage on Fall at Far-end ; 10-90 Rise Time at Far-end ; 90-10 Fall Time at Far-end ; Monotonic Rise at Far-end ; Monotonic Fall at Far-end ;
+---------------+--------------+---------------------+---------------------+------------------------------+------------------------------+---------------------+---------------------+--------------------------------------+--------------------------------------+-----------------------------+-----------------------------+----------------------------+----------------------------+-----------------------------+-----------------------------+--------------------+--------------------+-------------------------------------+-------------------------------------+----------------------------+----------------------------+---------------------------+---------------------------+
; ssd_min[0]    ; 2.5 V        ; 0 s                 ; 0 s                 ; 2.62 V                       ; 2.78e-08 V                   ; 2.64 V              ; -0.0109 V           ; 0.244 V                              ; 0.16 V                               ; 2.42e-09 s                  ; 2.37e-09 s                  ; No                         ; Yes                        ; 2.62 V                      ; 2.78e-08 V                  ; 2.64 V             ; -0.0109 V          ; 0.244 V                             ; 0.16 V                              ; 2.42e-09 s                 ; 2.37e-09 s                 ; No                        ; Yes                       ;
; ssd_min[1]    ; 2.5 V        ; 0 s                 ; 0 s                 ; 2.62 V                       ; 2.78e-08 V                   ; 2.64 V              ; -0.0109 V           ; 0.244 V                              ; 0.16 V                               ; 2.42e-09 s                  ; 2.37e-09 s                  ; No                         ; Yes                        ; 2.62 V                      ; 2.78e-08 V                  ; 2.64 V             ; -0.0109 V          ; 0.244 V                             ; 0.16 V                              ; 2.42e-09 s                 ; 2.37e-09 s                 ; No                        ; Yes                       ;
; ssd_min[2]    ; 2.5 V        ; 0 s                 ; 0 s                 ; 2.62 V                       ; 2.78e-08 V                   ; 2.71 V              ; -0.0349 V           ; 0.253 V                              ; 0.069 V                              ; 4.96e-10 s                  ; 5.19e-10 s                  ; No                         ; Yes                        ; 2.62 V                      ; 2.78e-08 V                  ; 2.71 V             ; -0.0349 V          ; 0.253 V                             ; 0.069 V                             ; 4.96e-10 s                 ; 5.19e-10 s                 ; No                        ; Yes                       ;
; ssd_min[3]    ; 2.5 V        ; 0 s                 ; 0 s                 ; 2.62 V                       ; 2.78e-08 V                   ; 2.71 V              ; -0.0349 V           ; 0.253 V                              ; 0.069 V                              ; 4.96e-10 s                  ; 5.19e-10 s                  ; No                         ; Yes                        ; 2.62 V                      ; 2.78e-08 V                  ; 2.71 V             ; -0.0349 V          ; 0.253 V                             ; 0.069 V                             ; 4.96e-10 s                 ; 5.19e-10 s                 ; No                        ; Yes                       ;
; ssd_min[4]    ; 2.5 V        ; 0 s                 ; 0 s                 ; 2.62 V                       ; 2.78e-08 V                   ; 2.71 V              ; -0.0349 V           ; 0.253 V                              ; 0.069 V                              ; 4.96e-10 s                  ; 5.19e-10 s                  ; No                         ; Yes                        ; 2.62 V                      ; 2.78e-08 V                  ; 2.71 V             ; -0.0349 V          ; 0.253 V                             ; 0.069 V                             ; 4.96e-10 s                 ; 5.19e-10 s                 ; No                        ; Yes                       ;
; ssd_min[5]    ; 2.5 V        ; 0 s                 ; 0 s                 ; 2.62 V                       ; 2.78e-08 V                   ; 2.71 V              ; -0.0349 V           ; 0.253 V                              ; 0.069 V                              ; 4.96e-10 s                  ; 5.19e-10 s                  ; No                         ; Yes                        ; 2.62 V                      ; 2.78e-08 V                  ; 2.71 V             ; -0.0349 V          ; 0.253 V                             ; 0.069 V                             ; 4.96e-10 s                 ; 5.19e-10 s                 ; No                        ; Yes                       ;
; ssd_min[6]    ; 2.5 V        ; 0 s                 ; 0 s                 ; 2.62 V                       ; 2.78e-08 V                   ; 2.71 V              ; -0.0349 V           ; 0.253 V                              ; 0.069 V                              ; 4.96e-10 s                  ; 5.19e-10 s                  ; No                         ; Yes                        ; 2.62 V                      ; 2.78e-08 V                  ; 2.71 V             ; -0.0349 V          ; 0.253 V                             ; 0.069 V                             ; 4.96e-10 s                 ; 5.19e-10 s                 ; No                        ; Yes                       ;
; ssd_dec[0]    ; 2.5 V        ; 0 s                 ; 0 s                 ; 2.62 V                       ; 2.78e-08 V                   ; 2.72 V              ; -0.0408 V           ; 0.163 V                              ; 0.075 V                              ; 4.51e-10 s                  ; 4.33e-10 s                  ; No                         ; Yes                        ; 2.62 V                      ; 2.78e-08 V                  ; 2.72 V             ; -0.0408 V          ; 0.163 V                             ; 0.075 V                             ; 4.51e-10 s                 ; 4.33e-10 s                 ; No                        ; Yes                       ;
; ssd_dec[1]    ; 2.5 V        ; 0 s                 ; 0 s                 ; 2.62 V                       ; 2.78e-08 V                   ; 2.71 V              ; -0.0349 V           ; 0.253 V                              ; 0.069 V                              ; 4.96e-10 s                  ; 5.19e-10 s                  ; No                         ; Yes                        ; 2.62 V                      ; 2.78e-08 V                  ; 2.71 V             ; -0.0349 V          ; 0.253 V                             ; 0.069 V                             ; 4.96e-10 s                 ; 5.19e-10 s                 ; No                        ; Yes                       ;
; ssd_dec[2]    ; 2.5 V        ; 0 s                 ; 0 s                 ; 2.62 V                       ; 2.78e-08 V                   ; 2.71 V              ; -0.0349 V           ; 0.253 V                              ; 0.069 V                              ; 4.96e-10 s                  ; 5.19e-10 s                  ; No                         ; Yes                        ; 2.62 V                      ; 2.78e-08 V                  ; 2.71 V             ; -0.0349 V          ; 0.253 V                             ; 0.069 V                             ; 4.96e-10 s                 ; 5.19e-10 s                 ; No                        ; Yes                       ;
; ssd_dec[3]    ; 2.5 V        ; 0 s                 ; 0 s                 ; 2.62 V                       ; 2.78e-08 V                   ; 2.71 V              ; -0.0349 V           ; 0.253 V                              ; 0.069 V                              ; 4.96e-10 s                  ; 5.19e-10 s                  ; No                         ; Yes                        ; 2.62 V                      ; 2.78e-08 V                  ; 2.71 V             ; -0.0349 V          ; 0.253 V                             ; 0.069 V                             ; 4.96e-10 s                 ; 5.19e-10 s                 ; No                        ; Yes                       ;
; ssd_dec[4]    ; 2.5 V        ; 0 s                 ; 0 s                 ; 2.62 V                       ; 2.78e-08 V                   ; 2.71 V              ; -0.0349 V           ; 0.253 V                              ; 0.069 V                              ; 4.96e-10 s                  ; 5.19e-10 s                  ; No                         ; Yes                        ; 2.62 V                      ; 2.78e-08 V                  ; 2.71 V             ; -0.0349 V          ; 0.253 V                             ; 0.069 V                             ; 4.96e-10 s                 ; 5.19e-10 s                 ; No                        ; Yes                       ;
; ssd_dec[5]    ; 2.5 V        ; 0 s                 ; 0 s                 ; 2.62 V                       ; 2.78e-08 V                   ; 2.72 V              ; -0.0408 V           ; 0.163 V                              ; 0.075 V                              ; 4.51e-10 s                  ; 4.33e-10 s                  ; No                         ; Yes                        ; 2.62 V                      ; 2.78e-08 V                  ; 2.72 V             ; -0.0408 V          ; 0.163 V                             ; 0.075 V                             ; 4.51e-10 s                 ; 4.33e-10 s                 ; No                        ; Yes                       ;
; ssd_dec[6]    ; 2.5 V        ; 0 s                 ; 0 s                 ; 2.62 V                       ; 2.78e-08 V                   ; 2.71 V              ; -0.0349 V           ; 0.253 V                              ; 0.069 V                              ; 4.96e-10 s                  ; 5.19e-10 s                  ; No                         ; Yes                        ; 2.62 V                      ; 2.78e-08 V                  ; 2.71 V             ; -0.0349 V          ; 0.253 V                             ; 0.069 V                             ; 4.96e-10 s                 ; 5.19e-10 s                 ; No                        ; Yes                       ;
; ssd_uni[0]    ; 2.5 V        ; 0 s                 ; 0 s                 ; 2.62 V                       ; 2.78e-08 V                   ; 2.71 V              ; -0.0349 V           ; 0.253 V                              ; 0.069 V                              ; 4.96e-10 s                  ; 5.19e-10 s                  ; No                         ; Yes                        ; 2.62 V                      ; 2.78e-08 V                  ; 2.71 V             ; -0.0349 V          ; 0.253 V                             ; 0.069 V                             ; 4.96e-10 s                 ; 5.19e-10 s                 ; No                        ; Yes                       ;
; ssd_uni[1]    ; 2.5 V        ; 0 s                 ; 0 s                 ; 2.62 V                       ; 2.78e-08 V                   ; 2.71 V              ; -0.0349 V           ; 0.253 V                              ; 0.069 V                              ; 4.96e-10 s                  ; 5.19e-10 s                  ; No                         ; Yes                        ; 2.62 V                      ; 2.78e-08 V                  ; 2.71 V             ; -0.0349 V          ; 0.253 V                             ; 0.069 V                             ; 4.96e-10 s                 ; 5.19e-10 s                 ; No                        ; Yes                       ;
; ssd_uni[2]    ; 2.5 V        ; 0 s                 ; 0 s                 ; 2.62 V                       ; 2.78e-08 V                   ; 2.71 V              ; -0.0349 V           ; 0.253 V                              ; 0.069 V                              ; 4.96e-10 s                  ; 5.19e-10 s                  ; No                         ; Yes                        ; 2.62 V                      ; 2.78e-08 V                  ; 2.71 V             ; -0.0349 V          ; 0.253 V                             ; 0.069 V                             ; 4.96e-10 s                 ; 5.19e-10 s                 ; No                        ; Yes                       ;
; ssd_uni[3]    ; 2.5 V        ; 0 s                 ; 0 s                 ; 2.62 V                       ; 2.78e-08 V                   ; 2.71 V              ; -0.0349 V           ; 0.253 V                              ; 0.069 V                              ; 4.96e-10 s                  ; 5.19e-10 s                  ; No                         ; Yes                        ; 2.62 V                      ; 2.78e-08 V                  ; 2.71 V             ; -0.0349 V          ; 0.253 V                             ; 0.069 V                             ; 4.96e-10 s                 ; 5.19e-10 s                 ; No                        ; Yes                       ;
; ssd_uni[4]    ; 2.5 V        ; 0 s                 ; 0 s                 ; 2.62 V                       ; 2.78e-08 V                   ; 2.71 V              ; -0.0349 V           ; 0.253 V                              ; 0.069 V                              ; 4.96e-10 s                  ; 5.19e-10 s                  ; No                         ; Yes                        ; 2.62 V                      ; 2.78e-08 V                  ; 2.71 V             ; -0.0349 V          ; 0.253 V                             ; 0.069 V                             ; 4.96e-10 s                 ; 5.19e-10 s                 ; No                        ; Yes                       ;
; ssd_uni[5]    ; 2.5 V        ; 0 s                 ; 0 s                 ; 2.62 V                       ; 2.78e-08 V                   ; 2.71 V              ; -0.0349 V           ; 0.253 V                              ; 0.069 V                              ; 4.96e-10 s                  ; 5.19e-10 s                  ; No                         ; Yes                        ; 2.62 V                      ; 2.78e-08 V                  ; 2.71 V             ; -0.0349 V          ; 0.253 V                             ; 0.069 V                             ; 4.96e-10 s                 ; 5.19e-10 s                 ; No                        ; Yes                       ;
; ssd_uni[6]    ; 2.5 V        ; 0 s                 ; 0 s                 ; 2.62 V                       ; 2.78e-08 V                   ; 2.71 V              ; -0.0349 V           ; 0.253 V                              ; 0.069 V                              ; 4.96e-10 s                  ; 5.19e-10 s                  ; No                         ; Yes                        ; 2.62 V                      ; 2.78e-08 V                  ; 2.71 V             ; -0.0349 V          ; 0.253 V                             ; 0.069 V                             ; 4.96e-10 s                 ; 5.19e-10 s                 ; No                        ; Yes                       ;
; ~ALTERA_DCLK~ ; 2.5 V        ; 0 s                 ; 0 s                 ; 2.62 V                       ; 2.22e-08 V                   ; 2.72 V              ; -0.0747 V           ; 0.28 V                               ; 0.169 V                              ; 3.1e-10 s                   ; 3.01e-10 s                  ; No                         ; Yes                        ; 2.62 V                      ; 2.22e-08 V                  ; 2.72 V             ; -0.0747 V          ; 0.28 V                              ; 0.169 V                             ; 3.1e-10 s                  ; 3.01e-10 s                 ; No                        ; Yes                       ;
; ~ALTERA_nCEO~ ; 2.5 V        ; 0 s                 ; 0 s                 ; 2.62 V                       ; 3.53e-08 V                   ; 2.7 V               ; -0.0212 V           ; 0.204 V                              ; 0.049 V                              ; 4.85e-10 s                  ; 6.73e-10 s                  ; No                         ; Yes                        ; 2.62 V                      ; 3.53e-08 V                  ; 2.7 V              ; -0.0212 V          ; 0.204 V                             ; 0.049 V                             ; 4.85e-10 s                 ; 6.73e-10 s                 ; No                        ; Yes                       ;
+---------------+--------------+---------------------+---------------------+------------------------------+------------------------------+---------------------+---------------------+--------------------------------------+--------------------------------------+-----------------------------+-----------------------------+----------------------------+----------------------------+-----------------------------+-----------------------------+--------------------+--------------------+-------------------------------------+-------------------------------------+----------------------------+----------------------------+---------------------------+---------------------------+


+-------------------------------------------------------------------+
; Setup Transfers                                                   ;
+------------+----------+----------+----------+----------+----------+
; From Clock ; To Clock ; RR Paths ; FR Paths ; RF Paths ; FF Paths ;
+------------+----------+----------+----------+----------+----------+
; clk        ; clk      ; 98       ; 0        ; 0        ; 0        ;
+------------+----------+----------+----------+----------+----------+
Entries labeled "false path" only account for clock-to-clock false paths and not path-based false paths. As a result, actual path counts may be lower than reported.


+-------------------------------------------------------------------+
; Hold Transfers                                                    ;
+------------+----------+----------+----------+----------+----------+
; From Clock ; To Clock ; RR Paths ; FR Paths ; RF Paths ; FF Paths ;
+------------+----------+----------+----------+----------+----------+
; clk        ; clk      ; 98       ; 0        ; 0        ; 0        ;
+------------+----------+----------+----------+----------+----------+
Entries labeled "false path" only account for clock-to-clock false paths and not path-based false paths. As a result, actual path counts may be lower than reported.


---------------
; Report TCCS ;
---------------
No dedicated SERDES Transmitter circuitry present in device or used in design


---------------
; Report RSKM ;
---------------
No non-DPA dedicated SERDES Receiver circuitry present in device or used in design


+------------------------------------------------+
; Unconstrained Paths                            ;
+---------------------------------+-------+------+
; Property                        ; Setup ; Hold ;
+---------------------------------+-------+------+
; Illegal Clocks                  ; 0     ; 0    ;
; Unconstrained Clocks            ; 0     ; 0    ;
; Unconstrained Input Ports       ; 3     ; 3    ;
; Unconstrained Input Port Paths  ; 15    ; 15   ;
; Unconstrained Output Ports      ; 21    ; 21   ;
; Unconstrained Output Port Paths ; 84    ; 84   ;
+---------------------------------+-------+------+


+------------------------------------+
; TimeQuest Timing Analyzer Messages ;
+------------------------------------+
Info: *******************************************************************
Info: Running Quartus II 64-Bit TimeQuest Timing Analyzer
    Info: Version 13.1.0 Build 162 10/23/2013 SJ Web Edition
    Info: Processing started: Sun Sep 13 22:01:59 2026
Info: Command: quartus_sta Microproyecto_VHDL -c Microproyecto_VHDL
Info: qsta_default_script.tcl version: #1
Info (11104): Parallel Compilation has detected 12 hyper-threaded processors. However, the extra hyper-threaded processors will not be used by default. Parallel Compilation will use 6 of the 6 physical processors detected instead.
Info (21077): Core supply voltage is 1.2V
Info (21077): Low junction temperature is 0 degrees C
Info (21077): High junction temperature is 85 degrees C
Critical Warning (332012): Synopsys Design Constraints File file not found: 'Microproyecto_VHDL.sdc'. A Synopsys Design Constraints File is required by the TimeQuest Timing Analyzer to get proper timing constraints. Without it, the Compiler will not properly optimize the design.
Info (332142): No user constrained base clocks found in the design. Calling "derive_clocks -period 1.0"
Info (332105): Deriving Clocks
    Info (332105): create_clock -period 1.000 -name clk clk
Info (332143): No user constrained clock uncertainty found in the design. Calling "derive_clock_uncertainty"
Info (332123): Deriving Clock Uncertainty. Please refer to report_sdc in TimeQuest to see clock uncertainties.
Info: Found TIMEQUEST_REPORT_SCRIPT_INCLUDE_DEFAULT_ANALYSIS = ON
Info: Analyzing Slow 1200mV 85C Model
Critical Warning (332148): Timing requirements not met
    Info (11105): For recommendations on closing timing, run Report Timing Closure Recommendations in the TimeQuest Timing Analyzer.
Info (332146): Worst-case setup slack is -1.401
    Info (332119):     Slack       End Point TNS Clock 
    Info (332119): ========= =================== =====================
    Info (332119):    -1.401             -10.899 clk 
Info (332146): Worst-case hold slack is 0.358
    Info (332119):     Slack       End Point TNS Clock 
    Info (332119): ========= =================== =====================
    Info (332119):     0.358               0.000 clk 
Info (332140): No Recovery paths to report
Info (332140): No Removal paths to report
Info (332146): Worst-case minimum pulse width slack is -3.000
    Info (332119):     Slack       End Point TNS Clock 
    Info (332119): ========= =================== =====================
    Info (332119):    -3.000             -16.000 clk 
Info: Analyzing Slow 1200mV 0C Model
Info (334003): Started post-fitting delay annotation
Info (334004): Delay annotation completed successfully
Info (332123): Deriving Clock Uncertainty. Please refer to report_sdc in TimeQuest to see clock uncertainties.
Critical Warning (332148): Timing requirements not met
    Info (11105): For recommendations on closing timing, run Report Timing Closure Recommendations in the TimeQuest Timing Analyzer.
Info (332146): Worst-case setup slack is -1.189
    Info (332119):     Slack       End Point TNS Clock 
    Info (332119): ========= =================== =====================
    Info (332119):    -1.189              -8.707 clk 
Info (332146): Worst-case hold slack is 0.312
    Info (332119):     Slack       End Point TNS Clock 
    Info (332119): ========= =================== =====================
    Info (332119):     0.312               0.000 clk 
Info (332140): No Recovery paths to report
Info (332140): No Removal paths to report
Info (332146): Worst-case minimum pulse width slack is -3.000
    Info (332119):     Slack       End Point TNS Clock 
    Info (332119): ========= =================== =====================
    Info (332119):    -3.000             -16.000 clk 
Info: Analyzing Fast 1200mV 0C Model
Info (332123): Deriving Clock Uncertainty. Please refer to report_sdc in TimeQuest to see clock uncertainties.
Critical Warning (332148): Timing requirements not met
    Info (11105): For recommendations on closing timing, run Report Timing Closure Recommendations in the TimeQuest Timing Analyzer.
Info (332146): Worst-case setup slack is -0.314
    Info (332119):     Slack       End Point TNS Clock 
    Info (332119): ========= =================== =====================
    Info (332119):    -0.314              -1.663 clk 
Info (332146): Worst-case hold slack is 0.187
    Info (332119):     Slack       End Point TNS Clock 
    Info (332119): ========= =================== =====================
    Info (332119):     0.187               0.000 clk 
Info (332140): No Recovery paths to report
Info (332140): No Removal paths to report
Info (332146): Worst-case minimum pulse width slack is -3.000
    Info (332119):     Slack       End Point TNS Clock 
    Info (332119): ========= =================== =====================
    Info (332119):    -3.000             -16.715 clk 
Info (332102): Design is not fully constrained for setup requirements
Info (332102): Design is not fully constrained for hold requirements
Info: Quartus II 64-Bit TimeQuest Timing Analyzer was successful. 0 errors, 4 warnings
    Info: Peak virtual memory: 4688 megabytes
    Info: Processing ended: Sun Sep 13 22:02:00 2026
    Info: Elapsed time: 00:00:01
    Info: Total CPU time (on all processors): 00:00:01


